idA,idO
a57218202833,o0
a7004904337,o0
a7005513246,o0
a6508306234,o1
a9277159100,o2
a6507358470,o1
a53879700900,o3
a26642910500,o4
a57204031131,o5
a6602649851,o5
a56830076500,o5
a57204029674,o5
a57204032253,o6
a57217149830,o7
a57217149403,o7
a57217145377,o7
a57217146534,o7
a57217147399,o7
a57217147006,o7
a57210571665,o8
a55611356500,o7
a57218886193,o9
a57210260262,o9
a6701777223,o10
a8448666000,o11
a36149254500,o12
a57191155872,o12
a56681156600,o13
a35088650000,o12
a7201741468,o13
a7402786794,o12
a57191822951,o14
a56830076500,o14
a57188654880,o14
a57192247939,o15
a57218886193,o15
a6701777223,o16
a8448666000,o17
a57218593962,o18
a57218593446,o18
a57218591162,o18
a57201772566,o19
a16422844400,o19
a7102975249,o18
a57193338296,o20
a57194692502,o21
a57202017958,o22
a57205128747,o22
a55829396600,o22
a57201634652,o23
a57218685929,o23
a18535712500,o23
a56248593800,o24
a10640480600,o25
a24923036100,o26
a7201675107,o27
a56330168500,o28
a9942259800,o28
a57201257192,o29
a56260937200,o30
a57081918700,o30
a55487415500,o31
a7202083837,o32
a57210290270,o32
a57210288045,o32
a57210287166,o32
a57211254337,o33
a57210292389,o34
a57218761022,o33
a35147940600,o32
a57201912667,o35
a7202282831,o35
a57218107757,o35
a57198832579,o35
a57218097969,o35
a7003302831,o36
a16066928300,o35
a57213342768,o37
a56584019300,o38
a57217581937,o14
a57214937519,o14
a57217581770,o14
a55542008600,o39
a56714263700,o14
a8608718200,o14
a17341858700,o40
a42062742100,o41
a55802018400,o42
a36515506800,o43
a56735940800,o44
a57194874146,o45
a8935141300,o45
a57194231165,o45
a6601976036,o46
a35547089300,o46
a7004479819,o47
a55413647400,o45
a55739722900,o48
a7201970805,o49
a57217041570,o13
a57200117690,o13
a57207689986,o13
a57200699937,o13
a7202316035,o13
a7102975249,o13
a35209941000,o13
a57219312906,o50
a57215534774,o50
a35303536900,o50
a57216811262,o51
a8705255200,o51
a57218879246,o52
a57218883196,o52
a57218883472,o52
a57218875152,o52
a35209941000,o53
a36444802300,o52
a7402967162,o54
a56196521900,o55
a35597296700,o23
a55649569259,o55
a55849071700,o56
a57190404271,o18
a35562442700,o18
a7006542177,o56
a36668159600,o57
a57200206301,o58
a57190131647,o59
a35612908400,o60
a8208300700,o59
a57192643299,o58
a57215136260,o61
a56442655200,o61
a55827824100,o62
a57197773578,o63
a57204761536,o64
a7004300863,o63
a8421746800,o64
a57203660684,o65
a35562442700,o65
a57218095797,o51
a57218102993,o51
a57218105310,o51
a57197795830,o51
a14033673100,o66
a57205285411,o67
a57205288709,o67
a57205293533,o67
a6701746882,o67
a10141271600,o67
a7202277096,o67
a57214937519,o68
a6701720294,o68
a57211516485,o68
a57200077532,o69
a55613237293,o69
a35562442700,o70
a57208246750,o71
a57206834042,o72
a7003292762,o72
a19638969800,o73
a55301279200,o71
a6701777223,o74
a7402258065,o62
a36987999600,o75
a7003868048,o75
a7202083837,o35
a57190402922,o76
a36668159600,o77
a7006542177,o76
a9535406000,o78
a56703308500,o79
a57216531463,o78
a23050937200,o80
a57199050938,o81
a57211158470,o82
a57195286623,o83
a35790633100,o83
a12142543700,o82
a8715877100,o81
a57209474608,o84
a12445208100,o84
a35868117400,o84
a57209473859,o84
a35867849600,o84
a8929123100,o85
a57215607275,o85
a57215609504,o85
a57200118993,o85
a57215613881,o85
a57215598228,o85
a57211987837,o85
a57209538650,o85
a7005636820,o85
a57202910818,o21
a55213245300,o21
a57211642778,o21
a57196372172,o21
a57208225620,o21
a57209824884,o21
a6701646284,o17
a57216751001,o17
a57216748895,o17
a36913263000,o17
a57217283178,o17
a57216749286,o17
a7005357023,o17
a57192943554,o51
a7004300863,o51
a8421746800,o86
a56709287700,o87
a7102975249,o87
a7003772744,o14
a57195970826,o21
a57203943386,o21
a57193834529,o17
a57203942414,o21
a7410190129,o17
a7007046711,o58
a7006111578,o21
a56371366400,o88
a57202818911,o88
a7102523474,o88
a7003927879,o89
a57217245563,o90
a57198519795,o90
a55100119300,o90
a57201257192,o91
a56330168500,o91
a9942259800,o91
a39861044100,o92
a36708895400,o92
a57210419894,o93
a14059209700,o93
a7406665619,o35
a7201793184,o94
a56692412900,o95
a57211105311,o95
a7202518970,o82
a12445742400,o96
a57218836048,o97
a57194504247,o98
a7202040335,o97
a14631026900,o99
a55159798000,o99
a54941111500,o99
a55258876800,o99
a7006038251,o100
a20735824800,o17
a55846910700,o99
a6602657620,o99
a14033765300,o99
a13005462200,o97
a55770396700,o101
a56735940800,o102
a8705255200,o56
a23099630500,o103
a57215680724,o104
a57205652801,o105
a57195427378,o106
a57215684781,o105
a57215687139,o105
a57215697686,o105
a56251876800,o105
a7202687601,o105
a7005636820,o106
a56514586700,o104
a57201634652,o107
a18535712500,o107
a57197765353,o51
a57188681207,o108
a36349287300,o108
a57189235340,o109
a55547123342,o109
a7003292762,o109
a25639041400,o110
a55967471000,o110
a57218221803,o110
a56709287700,o111
a56387524600,o112
a57202735625,o111
a16422844400,o112
a7102975249,o111
a7003381644,o32
a6701834327,o113
a57202445593,o114
a7004609408,o115
a8660143800,o14
a6506736843,o116
a6507359986,o117
a57214365851,o118
a57212088299,o119
a7003663333,o118
a6602889035,o120
a57216181629,o121
a36245410800,o121
a57191110417,o121
a56622088300,o121
a57195921912,o121
a57215904613,o122
a7402756644,o122
a57217317667,o123
a57195591421,o123
a57217789464,o124
a57216183270,o17
a57207901363,o17
a34873697600,o125
a56767836200,o126
a7102900497,o121
a57196422740,o127
a7403518015,o128
a36852156000,o127
a16245238300,o127
a57202776341,o129
a57212879455,o129
a57212877661,o129
a57212877401,o21
a35262249500,o129
a7102405529,o21
a7007046711,o129
a57212107391,o130
a57216754583,o130
a57200117690,o130
a35209941000,o130
a8342785400,o131
a57190228554,o132
a7102879142,o23
a57211891331,o133
a57199244740,o111
a7406665619,o134
a57204433875,o111
a7406665619,o135
a57215212754,o35
a57215211789,o35
a57214076898,o82
a57198146081,o136
a7006441571,o82
a57191873151,o137
a57216430816,o138
a7003772744,o51
a55971908500,o139
a54415193700,o140
a56489679500,o141
a55522618700,o141
a55864283000,o140
a57211516485,o56
a57209110872,o142
a57206455220,o142
a7103248108,o142
a57191108291,o17
a57212383793,o17
a57212379321,o17
a57202904399,o17
a7403279876,o17
a6507391043,o143
a57196261400,o18
a57214229367,o18
a7003381644,o18
a57214855898,o51
a57215031057,o51
a8608718200,o51
a6701610428,o17
a7403218372,o51
a57200515115,o51
a57194698845,o51
a12142543700,o51
a35409277700,o51
a57193749678,o144
a55457444300,o144
a6701863708,o144
a57201666213,o145
a55694540600,o145
a7004479819,o146
a7003545107,o145
a13406135400,o145
a57190228554,o147
a7102879142,o147
a57203017789,o148
a35147940600,o35
a6701609778,o148
a36987999600,o149
a7003868048,o150
a7202083837,o151
a56692412900,o152
a57211105311,o153
a7202518970,o154
a12445742400,o155
a7005052477,o156
a8750608700,o156
a57214071214,o157
a57193518829,o158
a12142543700,o158
a8705255200,o158
a7006583274,o159
a55359526600,o160
a56911636200,o161
a55272011900,o159
a57203486012,o159
a57202293242,o162
a57203024588,o162
a57160053200,o163
a36006215900,o14
a55944615300,o164
a57191995369,o165
a57195515828,o166
a57211443769,o167
a57211435896,o167
a7005408810,o167
a56685601500,o168
a16549438300,o168
a56685789300,o168
a57212757453,o168
a57212871890,o168
a57215487696,o169
a16548815300,o168
a7202875039,o21
a6701383359,o168
a57191570988,o170
a57201357657,o170
a6602649851,o170
a57210289242,o68
a57192710054,o68
a57219015425,o171
a55813139600,o171
a57203836305,o171
a57219009389,o171
a57219005376,o171
a57219006078,o171
a12142543700,o171
a57218481091,o172
a57217024741,o173
a57218482479,o174
a34873482400,o14
a6507317548,o14
a54781821400,o35
a57215052018,o35
a57215058041,o35
a7102975249,o35
a56957771800,o175
a57189235340,o175
a57204469757,o175
a7003292762,o175
a57188691775,o23
a57188173800,o23
a36349287300,o23
a57202579348,o107
a57214718289,o107
a56830076500,o107
a57193706327,o35
a57193715705,o35
a57188833818,o14
a57209881955,o14
a6701720294,o14
a57212345817,o176
a57218689472,o177
a57218687826,o177
a57218685971,o178
a7006533953,o179
a57211516485,o177
a57209889565,o14
a56045493000,o180
a57217866402,o181
a8244752200,o182
a55727966500,o182
a57217871738,o182
a57218270296,o183
a57218269408,o183
a56215007300,o184
a50162863000,o184
a55422614200,o184
a6603288835,o184
a13405030000,o184
a55904183100,o184
a55279219900,o184
a57211205845,o184
a38662818500,o184
a57203219105,o184
a14059027500,o184
a6505524737,o184
a20735824800,o151
a7103004161,o184
a56830076500,o185
a57202612841,o185
a10640480600,o186
a36499438800,o186
a55860312700,o186
a57201618074,o187
a6506325894,o188
a8608764300,o187
a56957771800,o189
a57189235340,o189
a57204470823,o189
a57204469757,o189
a7003292762,o189
a57204469757,o190
a7003292762,o190
a57211518929,o191
a56036628100,o191
a16033650300,o192
a57195804520,o193
a24483038000,o193
a6701720294,o51
a57211516485,o51
a57189375802,o194
a57212455523,o194
a6603286802,o194
a57023931200,o195
a24830555500,o195
a6602776615,o195
a9277159100,o194
a56857577200,o14
a10141271600,o14
a16643231700,o196
a55359090100,o197
a57217872286,o182
a57217867341,o198
a36893877000,o199
a57189218211,o200
a48361087900,o201
a7003381644,o35
a7005241866,o202
a7006815587,o203
a36154754400,o143
a57190402922,o14
a36668159600,o204
a7006542177,o14
a57193226888,o205
a57216966389,o206
a57208015963,o206
a57193230951,o205
a56584993700,o206
a55367023500,o18
a7403329173,o207
a57204964732,o208
a12544690900,o209
a7003292762,o208
a54978625300,o208
a57201759181,o210
a57211516485,o211
a16548784600,o212
a8922674200,o213
a55764938300,o214
a6701550039,o215
a6506328689,o17
a57201947722,o216
a57209567638,o217
a57209581042,o218
a55845968200,o219
a14831622300,o220
a12646372900,o219
a55788214400,o219
a57219330558,o56
a57219332168,o221
a57219327922,o222
a14831622300,o223
a55220932600,o223
a55788214400,o223
a56263319900,o224
a55436436900,o225
a57218480110,o226
a7004688501,o227
a35209941000,o228
a7601550121,o229
a57201735120,o230
a57216287696,o231
a57216287324,o232
a6506462706,o233
a8357777200,o233
a7004945584,o233
a16033650300,o234
a9741060000,o235
a12143690400,o236
a57208015244,o234
a57052262900,o235
a57204944822,o235
a7102369425,o237
a6603460787,o237
a6603089864,o238
a12761902000,o239
a56036628100,o17
a9279493200,o240
a57194034271,o241
a53866135200,o242
a55315026400,o243
a57216076371,o244
a56818839700,o244
a23570183200,o245
a57215823167,o246
a57216048774,o247
a7202049689,o248
a57207774891,o249
a57213342768,o250
a7006410098,o251
a56206655300,o252
a55368982000,o253
a56078804700,o254
a57216040137,o255
a7102391180,o253
a7402406630,o256
a7004398165,o257
a6701655006,o252
a35103143500,o258
a57216037206,o23
a7801550098,o259
a14832404400,o252
a55559344500,o143
a6701910642,o260
a56221719300,o2
a57210161259,o2
a57203181568,o2
a57212304730,o2
a55458271500,o2
a56266132600,o2
a57210289242,o170
a6701720294,o170
a57211516485,o170
a57209399454,o51
a6602649851,o51
a6701863708,o51
a9245406100,o261
a57194053456,o262
a56968013300,o262
a6701746882,o262
a6701723921,o263
a57202910211,o264
a57196421757,o264
a24402340500,o265
a55645613600,o266
a55546296200,o267
a55813139600,o268
a6603579157,o269
a28167695400,o267
a12142543700,o268
a57212950333,o267
a55945437600,o270
a7004277402,o271
a55911870000,o271
a9942259800,o272
a57215811083,o273
a17434035200,o274
a24726409500,o275
a35147940600,o273
a57191862517,o17
a23091904000,o276
a57208341600,o17
a53878508900,o277
a56363360200,o278
a56148594700,o17
a6602577617,o279
a36176552000,o280
a57189244450,o281
a57211332837,o151
a8231832400,o151
a57192300416,o281
a6701454416,o281
a56196521900,o282
a35597296700,o282
a57202064143,o283
a57204597171,o284
a57192662939,o283
a57210982957,o283
a57204035623,o284
a57196952707,o283
a57196950804,o283
a57213874106,o283
a7402658393,o284
a56584019300,o14
a56680952700,o23
a7003498769,o285
a7202083837,o23
a57199244740,o35
a55588035200,o286
a6601908155,o287
a56102505100,o288
a57191620725,o289
a56819566000,o14
a8448666000,o14
a16178649400,o14
a35729129900,o290
a53866006800,o291
a56126031600,o291
a36538565900,o292
a57210585829,o293
a57203978933,o51
a57212415946,o51
a7005408810,o58
a57205129154,o294
a7402370024,o294
a57203310052,o294
a18535712500,o295
a57193627694,o296
a7005513246,o296
a7004904337,o296
a35175200200,o297
a7005513246,o298
a6602198438,o299
a55948963100,o299
a7005411524,o299
a36459611200,o300
a7402074463,o301
a34868168700,o301
a57126129700,o302
a57192247939,o303
a57218886153,o303
a6701777223,o304
a8448666000,o305
a57205617484,o305
a57215432728,o305
a6701777223,o306
a57218886193,o307
a56677251600,o308
a57208598187,o309
a57211516485,o309
a7004307869,o310
a57205257595,o310
a55315026400,o23
a36503632200,o311
a16481299700,o312
a56331558100,o313
a47962305800,o314
a7101640734,o315
a55916448500,o316
a57200363612,o108
a57212151348,o108
a57212147414,o108
a57212136375,o108
a7403218372,o108
a57200529047,o317
a56112492400,o318
a57215653879,o319
a7003772744,o320
a18937960700,o321
a57216187696,o322
a57202818911,o323
a7102523474,o324
a25627506700,o325
a57210477807,o326
a7005345401,o327
a7005976828,o328
a57192067288,o21
a57202855772,o21
a57193749678,o329
a55457444300,o329
a6701863708,o329
a35729129900,o330
a7406665619,o331
a57212089454,o332
a57202116348,o333
a56709476900,o332
a7102975249,o333
a16422844400,o332
a57205025235,o334
a57202256915,o21
a57193755486,o58
a57002749600,o334
a56709287700,o335
a57202735625,o335
a56387524600,o336
a16422844400,o336
a7102975249,o335
a57208584595,o337
a7005513246,o107
a35546747200,o337
a57003496300,o35
a57212110613,o35
a57212107391,o35
a57200117690,o35
a7004688501,o338
a57216244800,o339
a7409253428,o340
a35209941000,o35
a6508306234,o341
a57003496300,o13
a57212110613,o13
a57212107391,o13
a7004688501,o342
a7404504014,o343
a7409253428,o342
a57144864700,o344
a57194205673,o345
a35078644900,o346
a57204475222,o347
a8208317300,o348
a35729129900,o349
a55797091700,o350
a57210585829,o350
a57204783601,o350
a57192945685,o351
a56939117000,o352
a56585491000,o353
a16308483700,o352
a57200214703,o351
a35311157900,o352
a55972769000,o354
a36483856300,o351
a57194027885,o21
a55345299700,o21
a56110251000,o21
a7003545107,o21
a57191873151,o355
a57208682307,o356
a14033673100,o357
a57201589125,o35
a7201793184,o358
a16481299700,o359
a24779209500,o360
a17434035200,o361
a24726409500,o362
a56012631600,o363
a56487893500,o364
a7402648240,o364
a18535712500,o14
a57200884469,o365
a57203221999,o366
a6603570606,o367
a57203028829,o13
a56824897200,o282
a35562442700,o282
a57210916608,o368
a7006542177,o368
a57210911049,o35
a57207008616,o35
a56248593800,o35
a35562442700,o35
a56315330500,o369
a16178649400,o369
a55858031100,o51
a57189235340,o370
a7003292762,o370
a57211493546,o371
a7003292762,o371
a57205881788,o107
a57214032187,o107
a57208524360,o372
a26634229600,o118
a7005934389,o373
a57208823236,o14
a57190605478,o14
a12142543700,o14
a35508257500,o35
a8321530600,o374
a7005709969,o374
a57208255032,o51
a56677251600,o375
a15848771600,o376
a7006533953,o143
a57199980412,o377
a6701863708,o378
a55457444300,o378
a55475654800,o379
a43961414900,o380
a57209474608,o381
a35867849600,o381
a12445208100,o381
a35868117400,o381
a9041055700,o382
a57191156976,o383
a57209978209,o383
a8929123100,o383
a57118455800,o51
a7401431037,o51
a24401574900,o384
a57201432287,o385
a7003498548,o386
a57207334294,o56
a12142543700,o56
a7006583274,o387
a26641352100,o388
a23569552400,o107
a36769181100,o389
a56976354400,o390
a57209659294,o391
a57209655847,o390
a57204570329,o390
a55315026400,o391
a9277159100,o390
a57200077532,o392
a57210191104,o393
a57214009254,o394
a9277159100,o395
a55315026400,o395
a57217482839,o396
a57209640119,o397
a57190402922,o397
a7006542177,o397
a57210919648,o24
a57210912098,o51
a57206968876,o51
a56824897200,o35
a7006542177,o51
a7406665619,o111
a57205198823,o282
a35508257500,o282
a35508257500,o24
a57210927548,o398
a57210928665,o398
a6602572190,o399
a6601908155,o398
a57210914089,o397
a57203981655,o400
a57210920448,o401
a56248593800,o400
a57202433366,o402
a57205881788,o403
a56724258600,o404
a7801676127,o405
a57194391871,o406
a57189491950,o407
a57205348362,o407
a51461952600,o406
a6701777223,o408
a57216491948,o409
a57191587072,o410
a57207334294,o410
a12142543700,o410
a24295291100,o411
a23052031200,o412
a7004495126,o413
a12778890800,o414
a16481299700,o415
a57194703295,o416
a57144565100,o415
a56331558100,o417
a57189458176,o415
a7101640734,o418
a55315026400,o107
a24080990600,o419
a57200529047,o420
a56323465700,o421
a56112492400,o422
a57209274795,o423
a7102483892,o420
a7003772744,o424
a57200208018,o425
a36701008900,o426
a7201687754,o427
a7202401225,o428
a12805837100,o429
a56257805000,o430
a7005067917,o431
a7202417224,o429
a55927295500,o425
a6508257901,o432
a55931847400,o428
a7004092560,o432
a56955794500,o433
a55778257800,o434
a6701664914,o434
a24504209800,o435
a55247112800,o436
a57207841000,o436
a12780700500,o437
a7006236094,o435
a16303239800,o438
a55315191100,o439
a57194063754,o440
a6701501207,o439
a24072733200,o441
a55813139600,o442
a57192140261,o432
a57207843958,o436
a57207841443,o439
a57207846799,o443
a56473665600,o438
a23977815400,o437
a56308354900,o432
a36859700200,o437
a26221155700,o444
a24385613600,o440
a15081415200,o441
a7408416878,o438
a11042527300,o445
a56185388600,o446
a57207844500,o447
a57189577432,o441
a6602943081,o430
a57207842677,o447
a39062078800,o445
a7101608513,o426
a6602499334,o436
a57202152216,o431
a57213372150,o433
a8555191500,o433
a57195579636,o434
a57207842193,o425
a57203836326,o426
a55639502500,o443
a6602168494,o428
a57209284973,o448
a56221901100,o2
a6507753128,o448
a6504734319,o448
a57210287166,o18
a57210290270,o18
a57210288045,o18
a57210292389,o18
a7202083837,o18
a35147940600,o18
a24759275600,o107
a57207312334,o107
a56387524600,o449
a56709476900,o449
a56709364700,o450
a16422844400,o449
a7102975249,o449
a57192981384,o451
a57190258899,o452
a24333330300,o23
a57189382200,o451
a57203250533,o451
a57203957449,o453
a14059209700,o453
a7406665619,o454
a55367023500,o454
a57201759181,o455
a16548784600,o456
a57188833818,o51
a55247719300,o457
a56709476900,o457
a56871132500,o457
a7402407628,o458
a16422844400,o457
a57210286057,o273
a57210287346,o273
a17434035200,o459
a57210288854,o459
a57214559823,o459
a6602749964,o460
a57205512220,o461
a7102985794,o462
a9739395200,o463
a57202736299,o463
a57205515588,o463
a57205514839,o461
a57194392244,o464
a7006214218,o465
a57194503011,o464
a9845705900,o464
a7004929818,o466
a57194379165,o467
a6603325558,o468
a57191586637,o14
a57208184650,o14
a57189294915,o14
a6602572190,o14
a6701755273,o14
a55200909800,o469
a7004234161,o14
a56330970800,o51
a57190247942,o51
a57197791798,o51
a55588035200,o470
a57191995887,o471
a57203240784,o471
a57193574682,o471
a57208784903,o471
a56417117600,o471
a57203245208,o471
a57208771517,o471
a35621274900,o471
a55681652500,o471
a7003445799,o471
a6601908155,o471
a55855376400,o51
a56830076500,o472
a57126390100,o473
a57214523209,o474
a57205509268,o475
a57208845618,o474
a57205502574,o475
a57205849200,o474
a57205504743,o474
a57207222602,o474
a57205501457,o474
a57205504946,o476
a57205502490,o474
a7004339080,o477
a57200375892,o478
a7003772744,o82
a24295291100,o479
a7401431037,o479
a57193720916,o479
a57118455800,o479
a6701421652,o480
a57205270902,o479
a57209887692,o481
a17434035200,o481
a36668159600,o482
a57205763350,o51
a57190404271,o483
a7004435321,o484
a56781290700,o485
a36055605700,o485
a16041305200,o486
a57215322624,o23
a57202818911,o23
a7102523474,o23
a57203310052,o487
a57204552603,o487
a57204551844,o487
a57204547933,o487
a24295291100,o487
a57195217444,o488
a57200690449,o282
a57208717150,o51
a55457444300,o51
a57204091960,o489
a7401431037,o489
a56353116200,o36
a6603717022,o490
a56584019300,o51
a56714263700,o51
a57210923446,o491
a55652695700,o492
a57205329719,o493
a57199801999,o51
a57193242858,o494
a7005512824,o495
a57205263313,o191
a36953700600,o496
a23970286000,o497
a57194276793,o498
a57208827685,o499
a7401703652,o500
a57202228997,o501
a54415129200,o502
a7005373645,o501
a57189235340,o503
a7003292762,o503
a57202047395,o504
a57193927413,o505
a54978625300,o107
a26029526200,o505
a7006799143,o504
a57203922639,o506
a57196487336,o507
a16199522200,o508
a57188681207,o82
a56985459400,o82
a57195343816,o82
a57188173800,o82
a57201722090,o82
a36349287300,o82
a56237421600,o51
a55912340300,o509
a57201864184,o369
a34874297000,o509
a10639679200,o509
a56854811600,o510
a55141781300,o511
a57190384916,o512
a7005253700,o512
a7004060735,o512
a9942259800,o36
a55413434100,o513
a57189218211,o514
a57197733358,o515
a57200390842,o35
a8342785400,o516
a8392459500,o517
a57200730892,o517
a53984647600,o517
a56806547100,o517
a57201199846,o518
a57191862517,o519
a57201509548,o517
a7006051256,o520
a6505878659,o517
a8298784700,o517
a35747244700,o517
a57193565771,o521
a16178649400,o521
a56315330500,o522
a16177635300,o523
a16178649400,o522
a57207108623,o107
a57200290256,o107
a57207112163,o107
a7102270639,o107
a57205388766,o35
a57205393448,o35
a16313800700,o35
a57208598187,o14
a57211516485,o14
a8448666000,o524
a57205617484,o524
a55638504300,o9
a6701777223,o525
a57218886153,o9
a7004300863,o56
a7102879142,o56
a56798055200,o14
a57192697616,o14
a8621794000,o14
a9277159100,o14
a57215306633,o185
a8621794000,o185
a57201367093,o14
a6602649851,o14
a57189445479,o51
a7005636820,o35
a55812232700,o51
a57192697616,o51
a8621794000,o51
a57192955909,o526
a56830076500,o526
a57209640119,o526
a55161739600,o107
a57211281996,o107
a57211282830,o107
a57204903122,o107
a57187178400,o107
a57211282935,o107
a57216747100,o23
a57216739000,o23
a16313800700,o23
a57197765353,o107
a7004300863,o107
a7004904337,o23
a57212553003,o23
a7202518970,o23
a57200205435,o23
a57203245208,o107
a57203241931,o107
a57210927548,o107
a57212168814,o107
a57212172095,o107
a6601908155,o107
a57205292526,o527
a57211987837,o527
a16313800700,o527
a57195066838,o107
a35621274900,o107
a55681652500,o107
a56417117600,o107
a57212106357,o107
a57212103171,o107
a57193574682,o107
a7003445799,o107
a57211214561,o528
a8244752200,o118
a57211216470,o529
a55727966500,o118
a57212107036,o107
a57212104751,o107
a57212106857,o107
a57212104028,o107
a57204799155,o530
a57204803477,o530
a57204802622,o531
a14033673100,o532
a57219001134,o533
a57218994430,o533
a57218994299,o533
a57210292389,o35
a57210287166,o35
a57205617484,o35
a57218995344,o35
a57219001134,o35
a36677010800,o35
a57204692730,o13
a7202083837,o13
a55813139600,o534
a56747516900,o534
a56071519600,o535
a6701720294,o535
a57211516485,o535
a7006441571,o536
a57212342916,o51
a7006441571,o537
a57212351695,o535
a57212342217,o535
a57212343330,o535
a7004300863,o535
a35262249500,o538
a57208598187,o535
a57210289242,o535
a57192710054,o535
a57188833818,o535
a57212351059,o51
a57212341630,o535
a57212277900,o535
a57188667076,o539
a7403218372,o535
a57200534297,o540
a7004300863,o540
a57214773567,o540
a8421746800,o541
a57212136375,o535
a57192943554,o535
a57212271263,o535
a35409277700,o535
a57190228554,o23
a57111140800,o542
a56798055200,o542
a8621794000,o542
a9277159100,o542
a57197737083,o107
a57205761514,o107
a57205766759,o107
a57205762398,o107
a7004511126,o68
a57200687939,o68
a57200688910,o68
a7202518970,o68
a57031187500,o282
a7006111578,o353
a7005636820,o282
a57089497400,o543
a57209912956,o543
a57209911428,o543
a57211503118,o543
a57211500187,o543
a7006120837,o544
a7004234161,o543
a7005636820,o545
a57031187500,o545
a57209538650,o545
a57209530205,o545
a7006111578,o546
a57215116223,o547
a57191952713,o547
a57188658434,o547
a8621794000,o547
a36682113800,o548
a57188658434,o549
a56245452300,o548
a35310092900,o548
a8621794000,o549
a57214589312,o550
a57215007775,o551
a55812232700,o550
a7006120837,o551
a36126203400,o552
a7102843798,o552
a57214451592,o553
a6603114735,o553
a8641604600,o553
a7003772744,o23
a57201357657,o554
a57191570988,o554
a6602649851,o554
a23027991800,o555
a7103035939,o556
a57212228353,o556
a7404957607,o556
a57203578595,o557
a57203572508,o557
a36055605700,o557
a7004435321,o558
a55849943100,o559
a6701863708,o559
a6602649851,o559
a9245406100,o560
a35338971800,o561
a57207260622,o562
a24336460200,o562
a8660143800,o538
a57195960835,o563
a57203300120,o564
a13607032600,o563
a57209399640,o107
a57212167791,o107
a35621274900,o565
a57209394752,o107
a57211217749,o566
a57203661821,o14
a46961076700,o567
a7801515665,o567
a35562442700,o567
a56387524600,o568
a56709476900,o568
a56709364700,o569
a16422844400,o568
a7102975249,o569
a55588035200,o570
a57191995887,o107
a57208784903,o107
a7003663333,o571
a57208012133,o571
a57208012227,o572
a55698505100,o573
a56709287700,o35
a57203308821,o35
a55326143600,o573
a7102975249,o573
a16422844400,o573
a55588035200,o574
a56417117600,o574
a57212351859,o23
a7404766197,o575
a7004300863,o23
a57212271159,o51
a57205765859,o51
a7102879142,o51
a7404766197,o576
a7201511283,o23
a6602191934,o23
a57193878725,o577
a57189375802,o564
a57210949030,o564
a7404901361,o578
a9277159100,o564
a57210375461,o579
a57200688910,o56
a55861508600,o579
a56484754900,o579
a57197773578,o51
a6506942267,o580
a6602562656,o580
a57202116348,o581
a57202112010,o581
a57202120923,o581
a16422844400,o582
a7102975249,o581
a57193360481,o107
a57205763350,o107
a57205765859,o107
a57205767010,o107
a57205762391,o583
a55315026400,o584
a35435170000,o585
a55665473200,o584
a57204677450,o584
a57204677555,o584
a56957771800,o586
a57189235340,o586
a57204472177,o586
a57204470823,o586
a57204469757,o586
a7003292762,o586
a56530707600,o17
a54790496100,o587
a26427694400,o588
a57190256209,o588
a57191107247,o588
a16313800700,o589
a55664291100,o588
a7202317282,o590
a57192070840,o590
a57209824884,o591
a57201700890,o592
a57195574701,o592
a53878508900,o592
a57188833818,o593
a57209889565,o593
a57209881955,o593
a6701720294,o594
a56045493000,o595
a57215333932,o596
a34868658300,o596
a57215305002,o597
a7410171017,o598
a57215336161,o599
a57201360985,o600
a57212351343,o600
a35562442700,o601
a36349287300,o600
a6506328689,o14
a57194859276,o14
a15766049500,o14
a55359090100,o602
a7202538835,o603
a15044701600,o603
a36055605700,o604
a57203579114,o604
a57203573476,o605
a57203570620,o605
a7006120837,o17
a57216989927,o606
a57211502145,o607
a6507803480,o17
a55359090100,o608
a7202538835,o609
a15044701600,o609
a56857577200,o17
a10141271600,o17
a16643231700,o610
a55359090100,o611
a24330327900,o612
a55634592700,o613
a36713489900,o107
a35725132100,o107
a36986090000,o107
a57193722976,o614
a7005521036,o615
a7004435321,o616
a55557218000,o617
a7102443026,o618
a7403558004,o619
a55247719300,o620
a56709476900,o620
a56871132500,o620
a7102975249,o621
a16422844400,o620
a57218886193,o622
a56790117900,o623
a15848771600,o624
a57212345817,o625
a57193911152,o626
a55780846900,o626
a57203303999,o626
a57217139231,o626
a14064679200,o626
a7405891981,o626
a57201739935,o626
a6508339625,o24
a57213262958,o626
a6506674242,o626
a56677251600,o627
a57191362366,o628
a6701720294,o628
a57211516485,o628
a57194018623,o21
a57205236255,o21
a57194101278,o629
a35392647700,o630
a57204968964,o631
a57204964732,o631
a7003292762,o631
a12544690900,o632
a54978625300,o631
a57208246750,o633
a57206834042,o14
a57205645397,o14
a7003292762,o14
a55353164900,o634
a7101816954,o634
a19638969800,o633
a57200529047,o635
a57200527971,o635
a11440678000,o635
a7003772744,o108
a57192070840,o636
a24337245000,o636
a56023819400,o637
a10639240900,o638
a11043349200,o637
a7202317282,o636
a54782837300,o639
a8048702500,o639
a7004435321,o640
a57207228809,o641
a7005521036,o642
a13411176900,o643
a8922674200,o644
a57205595555,o645
a9336961600,o646
a16425686200,o107
a57217471535,o647
a56577741600,o648
a55807316700,o648
a7102317656,o649
a57200514682,o650
a7003388995,o648
a57188833818,o651
a16229559200,o652
a57194703295,o653
a57207993531,o654
a56560118600,o653
a55315026400,o655
a7101640734,o656
a57214608701,o657
a55598006500,o658
a23668489900,o657
a15848894300,o659
a57209871741,o657
a7402648240,o660
a35380198000,o661
a57200884469,o132
a57200723881,o662
a7401952672,o663
a35556946600,o664
a7004590414,o665
a43261827400,o666
a35508257500,o18
a55428435400,o663
a7004611313,o665
a6602191934,o667
a7201511283,o667
a57193878725,o668
a7004507225,o669
a57193878725,o670
a57193568214,o671
a6506341914,o672
a7005053199,o671
a55671352500,o670
a22952048100,o673
a57193568214,o674
a7005053199,o674
a22952048100,o675
a6507447149,o676
a23012428800,o676
a56642521500,o677
a24780432200,o678
a55233755100,o678
a9277159100,o107
a7801636116,o679
a7101973402,o680
a35368447500,o681
a7801530241,o682
a56689651300,o683
a7005786977,o684
a7801609389,o685
a55922401500,o686
a57191525048,o687
a41262329300,o688
a57203758421,o689
a57203801188,o690
a57203805526,o691
a57202763603,o692
a56116155300,o693
a57203801050,o694
a57199854443,o695
a56979909000,o696
a8448666000,o697
a57205617484,o697
a6701777223,o698
a57205645397,o699
a57205650285,o699
a7003292762,o699
a56698926600,o700
a55627591500,o700
a57205652485,o700
a56957771800,o701
a57204469757,o701
a57205645397,o701
a7003292762,o701
a57193683516,o700
a57192247939,o702
a57218886153,o702
a6701777223,o703
a55326143600,o620
a7102975249,o704
a57202192401,o182
a6602572190,o62
a57191362366,o51
a57203191415,o51
a57203142381,o329
a57204916397,o705
a57204916190,o705
a57204910117,o705
a57198809206,o705
a57204925116,o705
a57204911023,o705
a56514586700,o705
a57192710054,o51
a55303499100,o706
a56577817900,o51
a57189623841,o706
a7003678761,o706
a6602997992,o706
a7202539045,o706
a8922674200,o707
a7202083837,o708
a55710750200,o709
a6508087756,o710
a57207110219,o711
a57214580514,o712
a57204110218,o713
a26642910500,o714
a56549581200,o715
a55259726700,o716
a55256673100,o717
a57202609763,o716
a6508265156,o718
a56433927200,o719
a7404022739,o535
a8705255200,o535
a7003352704,o720
a7102280128,o721
a34976725300,o722
a6602423274,o723
a57198044407,o724
a7201970805,o725
a55736791400,o726
a7601492574,o727
a7004479819,o58
a57203572325,o728
a57201742316,o107
a57200687939,o729
a57200688910,o729
a7202518970,o730
a7004511126,o730
a56463982900,o14
a55764401200,o14
a55457444300,o14
a6701863708,o14
a6602549459,o143
a6602123531,o731
a57191156976,o35
a57193089338,o732
a8929123100,o35
a57201086222,o733
a26634282400,o734
a26634229600,o36
a57204595191,o21
a57204607180,o21
a56226072000,o21
a7003631423,o735
a57204596520,o735
a7103236401,o736
a7004234161,o21
a57195264521,o737
a57204829124,o67
a35239803700,o738
a37086141200,o737
a8329346700,o737
a55369699900,o478
a57204830739,o18
a57204825465,o18
a54978625300,o18
a7006372151,o18
a57203192064,o2
a57203188827,o2
a55619678900,o739
a9277159100,o740
a51461952600,o739
a26634229600,o23
a57202852104,o741
a57202852946,o742
a57202860730,o743
a56701619800,o744
a8369472600,o745
a57193322440,o51
a56376235200,o744
a57202237979,o51
a56702333100,o744
a7401994123,o746
a35336731800,o747
a23388379100,o745
a57204695840,o148
a57204692730,o18
a56680952700,o18
a57204695450,o748
a56490084100,o148
a57204693186,o35
a57188711588,o749
a57200118672,o749
a57164754700,o749
a57200117120,o749
a57200118993,o749
a57200121629,o749
a16313800700,o749
a55523036500,o750
a56287595000,o751
a7410171017,o752
a56426567600,o2
a57200181918,o2
a16197655400,o17
a56703039000,o753
a39362193900,o753
a57197749025,o753
a57201022887,o107
a57217564448,o753
a57208823236,o17
a57213462935,o17
a57205507684,o58
a57205503531,o17
a57194047397,o17
a57205500882,o754
a57205505883,o17
a57212277009,o21
a35587077000,o17
a57201759181,o755
a57211516485,o756
a16548784600,o757
a57190849274,o757
a55235047300,o758
a56515354700,o758
a57194105863,o758
a56921113900,o758
a57044630300,o758
a7005654753,o759
a56701050600,o760
a56266132600,o758
a56514586700,o758
a57203184524,o761
a57201465968,o76
a24295291100,o761
a12142543700,o76
a8705255200,o76
a56248395300,o762
a57203180153,o762
a7005486887,o762
a56790117900,o763
a34874038200,o764
a57201366662,o51
a57201358872,o51
a7202006620,o765
a57194679331,o21
a57194686620,o766
a35791260000,o766
a13406135400,o21
a57198333909,o767
a56666222000,o768
a7103392045,o769
a56009607700,o770
a57200525944,o51
a57214792802,o771
a57216486642,o282
a57203661089,o282
a57203661821,o282
a57203981655,o772
a56248593800,o773
a57203978933,o774
a57203982016,o774
a57203992542,o775
a57191362366,o56
a57192710054,o56
a57203980122,o56
a57203980107,o56
a6701720294,o56
a57188833818,o540
a6701720294,o540
a57211516485,o540
a56677251600,o51
a57204553875,o776
a57204546854,o386
a57204555914,o777
a56371366400,o386
a57202818911,o386
a57204555396,o386
a6507235629,o777
a7102523474,o386
a56709364700,o35
a56387524600,o778
a56709476900,o778
a57195398251,o35
a57201484423,o35
a57194155925,o35
a16422844400,o778
a57203661089,o779
a35562442700,o779
a57203661821,o780
a35562442700,o780
a57201864184,o781
a35792700800,o782
a57203660684,o13
a39062086200,o783
a35562442700,o13
a55658283500,o280
a35303536900,o280
a57203575128,o280
a57190404271,o784
a55849071700,o76
a57206968876,o76
a35562442700,o32
a8660143800,o58
a56897186700,o58
a57197726868,o785
a56261172000,o785
a7004609408,o786
a24336460200,o785
a57202445593,o787
a6506736843,o787
a56677251600,o309
a7004307869,o788
a57203731804,o148
a57203372448,o789
a17434035200,o790
a57203247682,o791
a57203240784,o107
a55588035200,o792
a6602191934,o108
a7201511283,o108
a57193878725,o793
a57202927332,o794
a7202608915,o795
a57202921889,o107
a7801604567,o796
a54581173100,o797
a57202810627,o798
a18042644100,o799
a55943223600,o800
a57204434337,o331
a7005636820,o331
a35209941000,o331
a55649569259,o801
a7402967162,o802
a56556056000,o803
a26642910500,o804
a57196465311,o805
a56740595400,o806
a56662711400,o107
a56741048000,o807
a56149906900,o806
a6603615600,o808
a57201759181,o809
a57189843306,o456
a56078900600,o810
a15081035500,o811
a7402814790,o812
a7101806481,o813
a15318992700,o814
a6601908712,o811
a8077103900,o815
a6602183163,o816
a7004295901,o817
a7004640341,o815
a35772366400,o818
a8390181000,o819
a23004910700,o820
a7003793778,o821
a8578022500,o822
a9241584700,o815
a15842178900,o815
a10939408000,o663
a54789941300,o823
a7006650428,o811
a7006817766,o823
a25937446600,o824
a55895275900,o825
a16043716000,o826
a12647140500,o827
a7402364894,o663
a7004387103,o827
a8891726500,o828
a57192430052,o829
a7401892754,o811
a23020214400,o830
a6603882082,o831
a7402396019,o663
a57031532300,o21
a57031187500,o35
a57203305966,o832
a6701755273,o832
a34874038200,o833
a55171433700,o833
a57211516485,o107
a6701720294,o107
a57193603847,o107
a57203309361,o834
a7201741468,o23
a7102975249,o23
a57203310052,o835
a35262249500,o836
a57193603847,o836
a35191151900,o836
a26427435500,o837
a57203301406,o837
a36602439100,o837
a7201741468,o400
a7006372151,o400
a57195960835,o838
a23096760600,o838
a57203300120,o838
a57203306132,o838
a57190808464,o107
a13607032600,o838
a57203300120,o107
a26427435500,o107
a6507028828,o563
a36602439100,o107
a6701460244,o839
a6602928070,o840
a23479472600,o841
a6701755273,o842
a7404006200,o843
a12142543700,o107
a57202800731,o843
a14833931300,o56
a56677251600,o56
a36667397700,o844
a57201257192,o845
a39861044100,o845
a9942259800,o845
a36708895400,o846
a57190402922,o56
a36668159600,o847
a57200118442,o848
a57200117690,o848
a57202289360,o848
a57118455800,o849
a7401431037,o849
a36459611200,o850
a7402074463,o851
a34868168700,o851
a56387524600,o573
a8922674200,o852
a56781290700,o853
a36055605700,o853
a7004435321,o714
a16041305200,o854
a57202322450,o855
a7006441571,o856
a14059209700,o855
a57202323019,o855
a56795914000,o855
a57202321033,o93
a57202319101,o51
a23003484200,o857
a26321508500,o223
a7003587356,o858
a56457856600,o859
a16315369500,o860
a6507336034,o861
a56532087700,o23
a57202602903,o51
a57202612841,o51
a57202612703,o51
a56830076500,o51
a36843900000,o862
a8397084400,o863
a6602089995,o864
a6603684079,o864
a15521088300,o864
a56585583100,o865
a55449746800,o866
a57190247414,o867
a7005085503,o868
a35228854600,o869
a6505936159,o869
a23487261200,o870
a7005412154,o871
a55946643000,o871
a6603354235,o872
a57192063650,o873
a8602381900,o874
a55249658600,o874
a57207782220,o864
a23987692400,o875
a24323203800,o876
a7403220237,o877
a7103286989,o865
a12445208100,o23
a55708105800,o878
a56164575400,o879
a35236338800,o880
a56681156600,o18
a55212512700,o18
a56680505500,o18
a57203028829,o18
a35323710800,o17
a57202045558,o17
a56165315000,o881
a7003387464,o881
a26039464700,o882
a56747755300,o882
a7005612595,o882
a57188654880,o51
a57191822951,o51
a57200534297,o883
a7401431037,o883
a7102879142,o883
a56330168500,o36
a39861044100,o36
a55487415500,o884
a56386056100,o885
a56755464700,o886
a7005523706,o886
a57031532600,o62
a57200497294,o887
a57190794386,o526
a57201980753,o526
a57190797086,o526
a57201983321,o526
a7006441571,o526
a24333330300,o888
a12142543700,o526
a57201666213,o889
a56181255300,o889
a7004479819,o890
a13406135400,o889
a24177939700,o143
a6507412888,o143
a57204229694,o891
a55652903800,o143
a57201722090,o892
a57201724099,o893
a24465525600,o893
a36349287300,o892
a57202116348,o331
a57202112010,o331
a57202120923,o331
a56709287700,o331
a57203246058,o331
a7102975249,o331
a35994294500,o894
a24758929200,o895
a57201645135,o896
a57201646242,o897
a57200335858,o898
a57217508772,o897
a57201650328,o899
a7102837693,o900
a55736845400,o901
a57139150400,o902
a8244752200,o903
a7402422734,o904
a6701777223,o905
a8448666000,o906
a57218886189,o907
a7102443026,o908
a57203179434,o908
a55557218000,o908
a57213087387,o909
a7403558004,o910
a57202320825,o280
a57207470751,o280
a35409277700,o911
a7005098852,o912
a56896919700,o47
a57190371042,o47
a7202035366,o913
a7102857304,o47
a23003275100,o914
a6604032598,o915
a9733496700,o916
a6602866368,o917
a26640997500,o918
a57203180948,o918
a57203180667,o23
a25522430900,o919
a56244956300,o918
a57203192812,o920
a57203180452,o921
a57203185550,o922
a7006111578,o923
a56221901100,o58
a57200686665,o58
a57200685059,o58
a56425409300,o58
a6603410853,o58
a56266132600,o58
a56040243400,o924
a54978625300,o925
a7006799143,o924
a56009607700,o926
a57200525944,o927
a17136347400,o928
a57193027820,o929
a7409879911,o929
a56029648000,o21
a57218886189,o9
a57192247939,o9
a6701777223,o930
a56315330500,o931
a16178649400,o931
a55130094700,o932
a16178649400,o107
a57193356353,o107
a57200371154,o107
a57200363612,o107
a57118455800,o309
a7401431037,o309
a56331127200,o107
a57200690449,o23
a57204031131,o933
a57204029674,o933
a6602649851,o933
a56830076500,o933
a57204032253,o934
a35269204800,o934
a57203433787,o185
a23569552400,o935
a57201393186,o530
a57201397713,o530
a8621794000,o530
a57201367093,o185
a6602649851,o185
a48361087900,o35
a57215366913,o107
a57215344746,o107
a7005636820,o23
a57213476529,o23
a7006111578,o23
a26642910500,o936
a57205629789,o107
a55812232700,o107
a57205285400,o35
a57205292526,o35
a57164754700,o35
a56532087700,o35
a57145797800,o937
a36944158600,o937
a57204896057,o107
a57204902069,o107
a23093686000,o107
a57195066838,o23
a7005513246,o23
a7005411524,o23
a23093686000,o938
a57203179871,o939
a55727966500,o939
a8244752200,o939
a18535712500,o940
a24295291100,o940
a57193720916,o940
a57207688964,o18
a57207687563,o18
a57200077532,o35
a57200077021,o35
a57200077390,o35
a57207692990,o35
a57207687950,o35
a57207689986,o107
a57207688651,o107
a57207686191,o51
a57207685496,o35
a8608718200,o941
a56584019300,o941
a57209637810,o941
a56714263700,o941
a56790117900,o942
a56330970800,o943
a57190247942,o943
a57197791798,o943
a57188833818,o943
a6701720294,o943
a57211516485,o943
a57197791798,o535
a57204762755,o535
a56830076500,o535
a57203978933,o943
a7403218372,o943
a57197773578,o944
a57204761536,o945
a56353116200,o946
a7004300863,o946
a57197765353,o946
a6603717022,o946
a57204728159,o535
a7006441571,o535
a57204719691,o535
a57204719621,o535
a57189235340,o947
a57197733505,o947
a57197728435,o947
a7003292762,o947
a56584019300,o185
a57201366662,o185
a57201358872,o185
a56714263700,o185
a8608718200,o185
a57190858572,o948
a35508257500,o948
a6701646284,o906
a16313800700,o773
a57205292526,o773
a57205285400,o773
a57204435650,o773
a56532087700,o773
a57204415715,o906
a35175200200,o23
a56196521900,o23
a55649569259,o949
a7003663333,o950
a55665473200,o950
a57193610705,o951
a23027991800,o952
a15833172400,o953
a8621794000,o154
a57201397713,o154
a57201357657,o51
a36618663400,o954
a57197791798,o376
a6701720294,o376
a57211516485,o376
a57194636792,o51
a55916540700,o955
a57196484337,o51
a57207228951,o956
a7004435321,o957
a57193727615,o958
a7004435321,o959
a56149906900,o960
a56662711400,o961
a56740595400,o962
a7402549729,o963
a57202088821,o964
a56300864300,o883
a57190492863,o883
a6602649851,o883
a18042274300,o965
a7403368068,o966
a57202916476,o966
a7201389702,o967
a16245460000,o967
a57202920062,o967
a57202911672,o966
a6602761720,o966
a56387524600,o332
a57201484423,o569
a57194155925,o569
a57195398251,o569
a56709287700,o968
a57202735625,o968
a56709364700,o968
a55698505100,o336
a7102975249,o968
a57202607598,o969
a7003663333,o970
a57196353469,o971
a38061138100,o971
a7003663333,o972
a57202585105,o973
a24081598300,o973
a7003663333,o974
a57202572948,o973
a57193610705,o975
a55898266700,o118
a55315026400,o484
a57202580740,o976
a8724084200,o977
a7403085570,o977
a14621428300,o977
a8667231600,o977
a24382111400,o978
a57203221999,o979
a46062451500,o979
a57191952713,o309
a8621794000,o309
a36682113800,o980
a56300864300,o981
a6602649851,o981
a18042274300,o982
a7003498769,o983
a36987999600,o984
a7003868048,o984
a7202083837,o107
a56036628100,o906
a36953700600,o985
a12761902000,o985
a57188755995,o986
a56897186700,o2
a7005044056,o987
a8660143800,o2
a56560099200,o988
a57202738247,o989
a9277159100,o988
a15766049500,o990
a10141271600,o991
a6506328689,o992
a55359090100,o993
a7202538835,o994
a15044701600,o994
a56857577200,o995
a55359090100,o996
a10141271600,o995
a6506328689,o995
a15044701600,o997
a55502104200,o997
a6506328689,o998
a57203330644,o998
a10141271600,o998
a55848648600,o998
a55359090100,o999
a55502104200,o1000
a15044701600,o1000
a56256103500,o1001
a10141271600,o1001
a6506328689,o1001
a15766049500,o1001
a7202538835,o1002
a15044701600,o1002
a55252859600,o1003
a23012466600,o1004
a35578707100,o1005
a9277159100,o1006
a8533888200,o1007
a57207365951,o1006
a6603042352,o1008
a6506484066,o1008
a56263632000,o1009
a7004904337,o280
a56263145300,o1010
a7103222266,o1009
a15069700700,o1011
a7005531426,o1012
a57203180502,o23
a15843313300,o1012
a57203186135,o1011
a57203188461,o1012
a57203192544,o1012
a55182745600,o1013
a7003663333,o1014
a57195292516,o1014
a19934211900,o1015
a6603866674,o1016
a57202577089,o1017
a6505761847,o1018
a36125615300,o1018
a7003663333,o1019
a57188833818,o1020
a16229559200,o1021
a10639679200,o1022
a36625254200,o1022
a34874297000,o1022
a57201333744,o1022
a55912340300,o1022
a35479684000,o1023
a56328064900,o1024
a57191616632,o1025
a57200884469,o1026
a7202713087,o1025
a57191616632,o1027
a57200884469,o1028
a7202713087,o1027
a7003381644,o23
a57202152391,o23
a7003609448,o23
a57197521815,o23
a57201658993,o23
a7004347500,o1029
a7007155092,o1029
a55286783200,o1029
a57120014600,o1029
a6602913811,o1030
a55452524500,o1030
a57212833949,o1030
a57206024435,o1030
a6507270351,o1031
a6602305778,o1031
a56218368600,o1032
a55837442300,o1032
a10141271600,o1033
a6506328689,o1033
a7202751866,o1034
a6506010179,o1034
a35873737200,o1035
a26427694400,o1036
a37113017300,o1036
a57190256209,o1036
a55919211300,o1036
a57202785989,o23
a56020026900,o1037
a34874297000,o1038
a10639679200,o1038
a16178649400,o23
a57202743127,o1039
a36162907100,o1040
a57202741808,o1041
a57007514800,o1040
a8410729500,o1040
a16043812000,o1040
a54782837300,o1042
a8048702500,o1042
a57207228809,o1043
a7005521036,o1044
a36149254500,o1045
a57191155872,o1045
a56681156600,o35
a6603570606,o1046
a57203028829,o35
a35088650000,o1045
a7402786794,o1045
a56244640900,o1047
a57204902241,o1048
a55543519800,o1047
a56237456900,o1047
a57200649104,o1048
a57208645178,o1049
a56890778700,o1050
a57207365951,o1050
a56094587000,o1050
a9277159100,o23
a56890178400,o1051
a55806548500,o1052
a56890669600,o1052
a8533888200,o1050
a36082483100,o1053
a57217723923,o1054
a50262207100,o1055
a6602335448,o806
a7006253705,o806
a56797372300,o1056
a57190380741,o1057
a7102402058,o1057
a7103248108,o1058
a42261332500,o1026
a56397285100,o1026
a56542307500,o1059
a34168247900,o1060
a57194787481,o1061
a57203298908,o1062
a56380927900,o1063
a7003381644,o14
a35562442700,o14
a57189026693,o1064
a7003663333,o1065
a57202626673,o1066
a57202627167,o1067
a57202627912,o1068
a57202627263,o1069
a57202627050,o1070
a16021781200,o1070
a36082483100,o1071
a7004403207,o1072
a56631537800,o1073
a56528475200,o1074
a56182798800,o1075
a7201529681,o1076
a55801905300,o107
a55801836400,o1077
a57201111301,o1078
a57201111988,o1079
a14620010300,o1080
a57003792300,o1081
a57194205673,o1082
a24492691800,o1083
a57201290781,o1084
a55601054600,o1085
a57207980336,o1086
a57207994872,o1087
a6602512004,o1088
a35320703200,o1089
a7402095346,o1090
a7006106739,o1091
a7201778289,o1092
a7201978585,o1093
a54684688700,o1091
a57023282300,o1093
a55598549000,o1094
a57210198577,o1093
a7402288130,o1095
a25958165500,o1096
a8362122100,o1091
a6701580763,o1097
a7203069877,o1091
a7003915889,o1098
a55776361200,o1099
a37664688000,o1100
a57205556489,o1099
a8691490200,o1101
a55628341300,o1099
a57201125120,o1102
a47461179000,o1103
a25930868900,o1102
a57194639611,o1102
a8717447000,o1104
a57194638369,o1102
a55832864500,o1102
a6701774874,o1105
a55910450300,o1105
a57207550410,o1106
a6603383055,o1107
a9741422500,o1106
a35236206700,o1108
a7005089148,o1109
a57202326782,o1110
a55979578600,o1110
a7401764127,o1110
a7404062227,o1110
a7103269626,o1111
a7103321645,o1112
a7005251917,o1112
a9745660700,o1113
a6507586174,o1113
a7103065698,o1114
a57203234366,o1115
a7202910012,o1116
a9236660300,o1117
a57195976340,o1116
a54899597300,o1118
a57201121062,o1119
a6701851503,o1119
a7102905437,o1118
a36044041500,o1119
a57202194800,o1119
a8517650500,o1099
a6701387944,o1103
a7403220237,o1120
a57201212051,o1121
a23060352300,o1121
a36176552000,o265
a55258864700,o58
a7005371369,o58
a7006085792,o58
a55665625900,o58
a24335536400,o827
a57196261400,o35
a40561545600,o1122
a7006001488,o1123
a24333330300,o1124
a7006441571,o1122
a12142543700,o1122
a6701752452,o1125
a57200248178,o1125
a7402967162,o1126
a57196000820,o1126
a57195995765,o1126
a55649569259,o1127
a35597296700,o14
a57204229694,o1128
a7004450337,o1129
a56244956300,o1130
a26640997500,o1131
a55315026400,o91
a6604032598,o1132
a7402004420,o402
a6602231941,o1133
a57197730899,o1134
a7101816438,o1135
a56810920600,o1136
a55764744500,o17
a6701746882,o17
a6603077820,o51
a57217339723,o761
a55813139600,o761
a57140193000,o14
a57197733358,o1137
a57003496300,o14
a57190384916,o1138
a7005253700,o1138
a7004060735,o1138
a36011148100,o1139
a56155127800,o1045
a6506311950,o1140
a55212512700,o35
a57196086981,o21
a55981276700,o21
a57190261034,o21
a57196097542,o21
a57196096093,o21
a57196088013,o21
a57196086109,o21
a57190252027,o21
a55456759700,o21
a56248593800,o1141
a55130094700,o1142
a56315330500,o1143
a57202280527,o1143
a57202283319,o1142
a16178649400,o1143
a57198318094,o1144
a35195145200,o23
a57196275913,o1144
a57196277369,o1144
a57211422454,o1144
a57192941583,o23
a55171433700,o23
a23569552400,o23
a6603945025,o23
a55171433700,o1145
a55249877500,o1145
a57200860487,o1145
a57190228554,o1146
a7102879142,o1146
a9277159100,o1147
a57191256797,o1148
a55727966500,o903
a6602572190,o1149
a56703308500,o1150
a13605498800,o1151
a56353116200,o51
a56716068400,o51
a57203230997,o1045
a57191031931,o1152
a37098602100,o1152
a56957771800,o1153
a56424241200,o1154
a6701695863,o1155
a7006631262,o1156
a56404157200,o1154
a7003292762,o1153
a7005836251,o35
a57195596864,o107
a57195596391,o107
a57195598039,o107
a57195595627,o107
a57195600276,o107
a57195427378,o35
a57190797086,o1157
a57193015007,o1149
a40561545600,o1157
a57193015157,o1158
a57193016069,o1158
a57190794386,o1157
a24333330300,o1158
a12142543700,o1157
a7006001488,o1149
a7006441571,o1157
a55859152500,o107
a34874038200,o107
a56433927200,o107
a34873482400,o107
a24081319400,o1159
a57202064143,o1160
a57193435113,o1160
a57193430035,o1161
a7102985794,o1160
a57192662939,o1160
a57193433048,o1161
a57192660307,o1160
a57193429691,o1161
a57193431261,o1161
a7402658393,o1161
a57194636792,o1162
a55916540700,o1163
a56300864300,o51
a57193356353,o51
a57192964074,o51
a57193360481,o51
a57193362917,o51
a18042274300,o1164
a55780846900,o1165
a57193911152,o1165
a55674595800,o1165
a56390719200,o1165
a7102503611,o1165
a57190974399,o1165
a6508339625,o394
a57213262958,o1165
a6506674242,o1165
a54410814200,o1166
a56716946800,o1166
a8231832400,o23
a6506645565,o1166
a14035040300,o918
a10040303000,o1166
a55949256500,o1167
a56875349800,o1167
a36106810300,o1168
a56875089300,o1167
a57198431633,o1167
a57198450286,o1167
a57198443855,o51
a57198451372,o1167
a54911216200,o1167
a57195332895,o1167
a14822519000,o1167
a7101816438,o107
a6602231941,o1169
a55212512700,o14
a56681156600,o14
a56315352000,o14
a56680505500,o14
a57203028829,o14
a56492379200,o111
a57195398251,o111
a56709476900,o1170
a56387524600,o1170
a16422844400,o1170
a14033673100,o1171
a57192307368,o51
a57197800472,o51
a57197797367,o51
a57217482839,o51
a36106810300,o1172
a56453304300,o1172
a57194875876,o51
a7005666650,o1173
a35186389400,o1174
a7406552522,o1174
a7006715937,o1174
a57192595504,o1175
a7101643443,o1174
a55511230900,o1176
a24465414600,o1177
a26644144000,o1178
a55547115089,o1179
a55710750200,o1180
a57193564939,o1181
a54399816500,o1181
a55726346900,o1181
a55585953300,o1182
a24295291100,o1183
a8935514400,o1184
a56762988100,o1185
a7401969039,o1185
a57194379165,o1186
a6603325558,o1187
a56300864300,o107
a35269204800,o107
a6603040755,o107
a57192964074,o107
a57192955909,o107
a57192959498,o107
a57192961253,o107
a57197710678,o35
a57188688103,o14
a57188691775,o14
a36349287300,o14
a57195420301,o14
a7401970125,o1188
a56957771800,o35
a57204469757,o35
a7103395611,o1189
a24831334500,o1190
a25639041400,o1190
a7003292762,o35
a7103395611,o1191
a18038642000,o1192
a57208709468,o1193
a57208710317,o1194
a57208709846,o1195
a57170532300,o1195
a57208702517,o1195
a57208707588,o1195
a57208707585,o1195
a6508147112,o1195
a57208706948,o1194
a57204469757,o1194
a7003292762,o23
a57021948900,o51
a56371366400,o0
a55078951500,o0
a57202818911,o0
a57215280005,o0
a6602958570,o0
a7102523474,o0
a57214010282,o17
a57189351639,o58
a57194697486,o17
a57194698845,o17
a57194141209,o1196
a55171433700,o1197
a23569552400,o1197
a57202818911,o280
a56371366400,o280
a55376424100,o1198
a55078951500,o280
a6602958570,o280
a7006440923,o1199
a14057706900,o1198
a7102523474,o280
a56371366400,o324
a57202818911,o324
a55376424100,o1200
a55078951500,o324
a6602958570,o324
a7006440923,o1201
a14057706900,o1200
a57195317234,o1202
a16178649400,o1202
a7102534973,o107
a6701755273,o107
a55171433700,o107
a57195962821,o107
a6507659000,o107
a35262249500,o107
a57195962037,o107
a57195964820,o107
a57195961036,o107
a57195964763,o107
a57195961251,o107
a7006372151,o1203
a57203028829,o1203
a55672496100,o1204
a35413539100,o1205
a13607032600,o1206
a6507028828,o1206
a57190806425,o107
a36536647200,o1207
a26427435500,o1206
a57198919773,o1208
a54787829800,o1209
a7003663333,o1210
a55511230900,o35
a56680505500,o35
a56315352000,o35
a56672834700,o107
a6603625990,o107
a57193008289,o1211
a7005836251,o1211
a35209941000,o1211
a57192816311,o1212
a55550262000,o1213
a36167063600,o1213
a55550264900,o1213
a7006420570,o1214
a57192156100,o1215
a36675881600,o1216
a55911870000,o1217
a35366248300,o1218
a57193845336,o1219
a57203221999,o1220
a57193533805,o1221
a23983490300,o1222
a57203486012,o1223
a55359526600,o1224
a26323686000,o1225
a12142543700,o309
a8705255200,o309
a7006583274,o1223
a56492379200,o35
a57194162490,o35
a57194158491,o35
a16422844400,o1226
a35182844400,o1227
a57217654846,o620
a57192893058,o1227
a56492379200,o333
a56709364700,o333
a55544941800,o458
a7202812767,o458
a6603907334,o458
a7103123753,o1227
a55945072200,o47
a55944583700,o47
a56755464700,o1228
a35099253600,o1229
a7005523706,o1228
a57031532600,o399
a56364369100,o1230
a57202367046,o1231
a57193409777,o21
a57193401477,o1230
a56896749800,o1230
a55877167500,o1230
a56247393100,o1230
a7404963860,o1232
a37105487900,o1232
a7403361614,o1233
a52663627000,o1234
a14321763900,o1231
a57191587072,o530
a12142543700,o530
a7003587356,o1235
a57195340095,o1235
a7004495126,o1236
a12778890800,o1237
a57193099661,o17
a57194047820,o17
a55938156500,o21
a57194061052,o1158
a56080900100,o17
a57196655805,o21
a15831070600,o107
a35615891900,o107
a12646129300,o1238
a36933855300,o1238
a7006253705,o1238
a55812858700,o1239
a57203178543,o1239
a7403131979,o223
a7103186661,o1240
a7202711709,o1240
a39862017300,o23
a56330168500,o107
a57194015684,o107
a9942259800,o107
a57194006378,o583
a35316779800,o583
a6508342170,o583
a35175200200,o107
a57189227384,o51
a19639917400,o51
a57189219942,o1121
a7005513246,o1121
a57193266780,o35
a9277159100,o1241
a56941526100,o1241
a56710953300,o1242
a26642910500,o1242
a7005883030,o1243
a7402074463,o1244
a55194109800,o1245
a7004834766,o1246
a8660143800,o1245
a57192106462,o1247
a57193564939,o1247
a54399816500,o1247
a56012868500,o1247
a55726346900,o1247
a24295291100,o1248
a8935514400,o1249
a57190189579,o1250
a8372868700,o886
a55946345200,o1251
a55574195279,o1252
a56608873500,o417
a56608333500,o1253
a7004980415,o107
a8048702500,o1254
a6506269903,o1255
a23134948300,o1255
a7004615647,o1256
a14822519000,o1257
a36106810300,o1258
a23973526000,o1259
a56369566500,o23
a57193265581,o23
a24921842300,o1260
a55034648400,o1261
a25222495900,o1262
a6601987763,o1263
a7004441442,o1260
a57118455800,o1264
a7401431037,o1264
a57190000029,o1265
a55953141600,o36
a51461758000,o282
a56825569600,o1266
a57145797800,o17
a7005903021,o1267
a36944158600,o17
a56556056000,o1268
a12808778700,o714
a36240601900,o1269
a57189030360,o1269
a16027856900,o1269
a24177939700,o14
a35213554500,o1270
a23012861700,o1271
a55444802600,o1272
a7004450337,o1273
a56709476900,o1274
a55326050200,o1274
a56492379200,o569
a57002749600,o1274
a16422844400,o1274
a57212184217,o1274
a7102975249,o1274
a57189292901,o1275
a7006542177,o1275
a36137344800,o167
a7102857304,o167
a55486520500,o82
a6602649851,o82
a56950317400,o1276
a15521557600,o1276
a57203836305,o1277
a55813139600,o1277
a57209397116,o107
a55588035200,o107
a57212209717,o107
a57191997521,o107
a57203247682,o107
a56824897200,o107
a35562442700,o107
a57200659857,o107
a57200641848,o107
a57117361200,o107
a57192010162,o1278
a55161739600,o1278
a57214281810,o282
a55944583700,o58
a55945072200,o58
a56896919700,o58
a55945088000,o58
a7102857304,o58
a57202648414,o47
a57192643299,o47
a57200206301,o47
a57188753800,o1279
a57202642302,o1279
a7102857304,o1279
a57188755995,o2
a7102857304,o2
a55235047300,o2
a57191474405,o1280
a57191477766,o2
a57205589719,o773
a8725937600,o1281
a7005654753,o776
a56701050600,o1281
a56514586700,o2
a57202088821,o1282
a7402549729,o1282
a57126129700,o18
a57125618000,o18
a56680952700,o13
a57195419580,o58
a57200206650,o58
a57200203866,o58
a57200201882,o508
a7202518970,o508
a57195419580,o47
a57200201106,o47
a57200819002,o47
a57200205435,o76
a7202518970,o76
a57200201511,o76
a57189243866,o51
a6701720294,o1283
a56790117900,o535
a57190247942,o535
a57197773578,o535
a57197765649,o535
a8421746800,o1284
a57195290099,o397
a7202518970,o397
a55764401200,o56
a55457444300,o56
a6701863708,o56
a8608718200,o56
a57191918589,o1285
a57191921086,o1285
a57191923986,o1285
a7003292762,o1285
a57189235340,o1286
a7003292762,o1286
a56463982900,o1287
a55457444300,o1287
a6701863708,o1287
a7004848095,o17
a57196471974,o17
a57196475822,o17
a57196468765,o17
a57192318731,o17
a35562442700,o23
a55660173800,o1288
a57193903292,o1288
a6701876192,o1288
a57193902758,o111
a57193895552,o111
a57193900229,o111
a7003381644,o111
a57208928114,o1289
a55727966500,o391
a8244752200,o391
a55354928800,o1290
a24402340500,o280
a7410171017,o1291
a57195720669,o1292
a57195718233,o1293
a34868658300,o1293
a57190859038,o554
a23027991800,o1294
a57189375802,o107
a57203222139,o107
a56156055700,o1295
a57200576069,o1296
a10540655600,o1296
a36924577900,o1296
a55541477400,o1296
a7103248108,o107
a57191952713,o1297
a57188658434,o1297
a8621794000,o1297
a56245452300,o1298
a36682113800,o1298
a35310092900,o1298
a57194787481,o1299
a7006542177,o1299
a35562442700,o1300
a34168247900,o1301
a55315026400,o714
a55665473200,o714
a56559677100,o1302
a57194576753,o714
a55326050200,o332
a55326143600,o332
a55247719300,o332
a57212184217,o620
a57213582934,o620
a7201793184,o1303
a7406665619,o1300
a56559765400,o1304
a7003663333,o1305
a23009691800,o1306
a57191416025,o758
a57192545746,o758
a57192573362,o758
a51461952600,o1307
a9277159100,o758
a6701925700,o1308
a56299790500,o1308
a7003959730,o1309
a57201704300,o406
a57171695300,o1310
a7101671848,o406
a7003498769,o748
a36987999600,o1311
a7003868048,o1311
a57200204063,o987
a56559548600,o1312
a7102857304,o223
a57200200833,o47
a57200207993,o47
a56748981000,o1313
a6701720294,o1313
a8922674200,o1314
a56577146500,o1315
a57188764210,o1315
a6701720294,o82
a57211516485,o82
a55632390400,o758
a35489877400,o1316
a57203030537,o758
a56800225200,o51
a23388379100,o894
a57023931200,o1317
a6602776615,o1317
a24830555500,o1317
a56941526100,o107
a57217654846,o1274
a37052385600,o1274
a55848648600,o1001
a55359090100,o1318
a13410345300,o1318
a55502104200,o1319
a15044701600,o1319
a57194859276,o1001
a56218368600,o1320
a55837442300,o1320
a7202751866,o1321
a35873737200,o1322
a55693760600,o1001
a55359090100,o1323
a56218368600,o1324
a55837442300,o1324
a57194853790,o1001
a35873737200,o1325
a7202751866,o1326
a6506010179,o1326
a55359090100,o1327
a35578275000,o1327
a26658095100,o1328
a56362659400,o1328
a57193867023,o1329
a6506736843,o1329
a8660143800,o23
a56913378600,o1330
a56086163900,o1331
a57191407630,o56
a7006441571,o56
a7403218372,o56
a57201909948,o1332
a35344727500,o1332
a35408719100,o1333
a55807632000,o1332
a7005513246,o14
a57194116428,o1334
a55932655400,o1335
a6701753933,o1336
a55722439300,o1337
a9942259800,o1338
a56559548600,o1339
a7102857304,o1340
a6507743831,o1341
a57200884469,o1341
a18535712500,o1342
a8624941100,o1341
a57191616632,o1343
a7202713087,o1344
a24758929200,o1345
a57202394793,o1346
a56587519900,o1347
a12797217700,o1348
a6602247507,o1349
a7403218372,o1350
a25628175700,o1351
a6602191934,o1352
a57193878725,o1353
a7201511283,o1352
a57209165874,o1354
a7202842875,o1354
a57193807582,o1355
a57194008450,o1356
a9277159100,o1357
a57193811936,o1358
a26538762200,o1359
a7003702751,o1360
a16178649400,o1361
a9636293200,o1362
a57192710054,o1363
a6701720294,o1364
a57211516485,o1365
a57202040530,o1366
a23006267900,o1367
a7004002400,o1368
a7202361029,o1369
a7007170899,o1370
a7005725911,o1371
a55812232700,o1372
a56024800300,o1373
a7006253705,o1374
a57203269936,o1373
a57191587072,o1375
a57191570988,o1375
a24295291100,o1376
a12142543700,o1375
a7004495126,o1377
a18535712500,o1378
a7402648240,o1379
a35380198000,o1380
a57200723881,o1381
a57126129700,o23
a57125618000,o23
a57192908187,o23
a7003868048,o1382
a36987999600,o1382
a6603263001,o1383
a26325009000,o1383
a55710750200,o1384
a57200884469,o1385
a57203221999,o1386
a57193533805,o1387
a23983490300,o1388
a57200730646,o1389
a56316070300,o1390
a37057761700,o1391
a35792700800,o1392
a16053936800,o1393
a16178649400,o1394
a56830082600,o1395
a7201389702,o1396
a7401698226,o1397
a8702836000,o1398
a7005306331,o1399
a7102554886,o1400
a35854537900,o1401
