idA,idP,first_author
a57218202833,p0,True
a7004904337,p0,False
a7005513246,p0,False
a6508306234,p1,True
a9277159100,p1,False
a6507358470,p1,False
a53879700900,p2,True
a26642910500,p2,False
a57204031131,p3,True
a6602649851,p3,False
a56830076500,p3,False
a57204029674,p3,False
a57204032253,p3,False
a57217149830,p4,True
a57217149403,p4,False
a57217145377,p4,False
a57217146534,p4,False
a57217147399,p4,False
a57217147006,p4,False
a57210571665,p4,False
a55611356500,p4,False
a57218886193,p5,True
a57210260262,p5,False
a6701777223,p5,False
a8448666000,p5,False
a36149254500,p6,True
a57191155872,p6,False
a56681156600,p6,False
a35088650000,p6,False
a7201741468,p6,False
a7402786794,p6,False
a57191822951,p7,True
a56830076500,p7,False
a57188654880,p7,False
a57192247939,p8,True
a57218886193,p8,False
a6701777223,p8,False
a8448666000,p8,False
a57218593962,p9,True
a57218593446,p9,False
a57218591162,p9,False
a57201772566,p9,False
a16422844400,p9,False
a7102975249,p9,False
a57193338296,p10,True
a57194692502,p10,False
a57202017958,p10,False
a57205128747,p10,False
a55829396600,p10,False
a57201634652,p11,True
a57218685929,p11,False
a18535712500,p11,False
a56248593800,p12,True
a10640480600,p12,False
a24923036100,p12,False
a7201675107,p12,False
a36149254500,p13,True
a57191155872,p13,False
a56681156600,p13,False
a7201741468,p13,False
a35088650000,p13,False
a7402786794,p13,False
a56330168500,p14,True
a9942259800,p14,False
a57201257192,p14,False
a56260937200,p14,False
a57081918700,p14,False
a55487415500,p14,False
a7202083837,p15,True
a57210290270,p15,False
a57210288045,p15,False
a57210287166,p15,False
a57211254337,p15,False
a57210292389,p15,False
a57218761022,p15,False
a35147940600,p15,False
a57201912667,p16,True
a7202282831,p16,False
a57218107757,p16,False
a57198832579,p16,False
a57218097969,p16,False
a7003302831,p16,False
a16066928300,p16,False
a57213342768,p17,True
a56584019300,p18,True
a57217581937,p18,False
a57214937519,p18,False
a57217581770,p18,False
a55542008600,p18,False
a56714263700,p18,False
a8608718200,p18,False
a17341858700,p19,True
a42062742100,p19,False
a55802018400,p19,False
a36515506800,p19,False
a56735940800,p19,False
a57194874146,p20,True
a8935141300,p20,False
a57194231165,p20,False
a6601976036,p20,False
a35547089300,p20,False
a7004479819,p20,False
a55413647400,p20,False
a55739722900,p20,False
a7201970805,p20,False
a57217041570,p21,True
a57200117690,p21,False
a57207689986,p21,False
a57200699937,p21,False
a7202316035,p21,False
a7102975249,p21,False
a35209941000,p21,False
a57219312906,p22,True
a57215534774,p22,False
a35303536900,p22,False
a57216811262,p23,True
a8705255200,p23,False
a57218879246,p24,True
a57218883196,p24,False
a57218883472,p24,False
a57218875152,p24,False
a35209941000,p24,False
a36444802300,p24,False
a7402967162,p25,True
a56196521900,p25,False
a35597296700,p25,False
a55649569259,p25,False
a55849071700,p26,True
a57190404271,p26,False
a35562442700,p26,False
a7006542177,p26,False
a36668159600,p26,False
a57200206301,p27,True
a57190131647,p27,False
a35612908400,p27,False
a8208300700,p27,False
a57192643299,p27,False
a57215136260,p28,True
a56442655200,p28,False
a55827824100,p28,False
a57197773578,p29,True
a57204761536,p29,False
a7004300863,p29,False
a8421746800,p29,False
a57203660684,p30,True
a35562442700,p30,False
a57218095797,p31,True
a57218102993,p31,False
a57218105310,p31,False
a57197795830,p31,False
a14033673100,p31,False
a57205285411,p32,True
a57205288709,p32,False
a57205293533,p32,False
a6701746882,p32,False
a10141271600,p32,False
a7202277096,p32,False
a57214937519,p33,True
a6701720294,p33,False
a57211516485,p33,False
a57200077532,p34,True
a55613237293,p34,False
a35562442700,p34,False
a57208246750,p35,True
a57206834042,p35,False
a7003292762,p35,False
a19638969800,p35,False
a55301279200,p35,False
a57192247939,p36,True
a57218886193,p36,False
a6701777223,p36,False
a8448666000,p36,False
a7402258065,p37,True
a36987999600,p38,True
a7003868048,p38,False
a7202083837,p38,False
a57190402922,p39,True
a36668159600,p39,False
a7006542177,p39,False
a9535406000,p40,True
a56703308500,p40,False
a57216531463,p40,False
a23050937200,p40,False
a57199050938,p41,True
a57211158470,p41,False
a57195286623,p41,False
a35790633100,p41,False
a12142543700,p41,False
a8715877100,p41,False
a57209474608,p42,True
a12445208100,p42,False
a35868117400,p42,False
a57209473859,p42,False
a35867849600,p42,False
a8929123100,p43,True
a57215607275,p43,False
a57215609504,p43,False
a57200118993,p43,False
a57215613881,p43,False
a57215598228,p43,False
a57211987837,p43,False
a57209538650,p43,False
a7005636820,p43,False
a57202910818,p44,True
a55213245300,p44,False
a57211642778,p44,False
a57196372172,p44,False
a57208225620,p44,False
a57209824884,p44,False
a6701646284,p45,True
a57216751001,p45,False
a57216748895,p45,False
a36913263000,p45,False
a57217283178,p45,False
a57216749286,p45,False
a7005357023,p45,False
a57192943554,p46,True
a7004300863,p46,False
a8421746800,p46,False
a56709287700,p47,True
a7102975249,p47,False
a7003772744,p48,True
a57195970826,p49,True
a57203943386,p49,False
a57193834529,p49,False
a57203942414,p49,False
a7410190129,p49,False
a7007046711,p49,False
a7006111578,p49,False
a56371366400,p50,True
a57202818911,p50,False
a7102523474,p50,False
a7003927879,p51,True
a57217245563,p51,False
a57198519795,p51,False
a55100119300,p51,False
a57201257192,p52,True
a56330168500,p52,False
a9942259800,p52,False
a39861044100,p52,False
a36708895400,p52,False
a57210419894,p53,True
a14059209700,p53,False
a7406665619,p53,False
a7201793184,p53,False
a56692412900,p54,True
a57211105311,p54,False
a7202518970,p54,False
a12445742400,p54,False
a57218836048,p55,True
a57194504247,p55,False
a7202040335,p55,False
a14631026900,p55,False
a55159798000,p55,False
a54941111500,p55,False
a55258876800,p55,False
a7006038251,p55,False
a20735824800,p55,False
a55846910700,p55,False
a6602657620,p55,False
a14033765300,p55,False
a13005462200,p55,False
a55770396700,p56,True
a56735940800,p56,False
a8705255200,p56,False
a23099630500,p56,False
a57215680724,p57,True
a57205652801,p57,False
a57195427378,p57,False
a57215684781,p57,False
a57215687139,p57,False
a57215697686,p57,False
a56251876800,p57,False
a7202687601,p57,False
a7005636820,p57,False
a56514586700,p57,False
a57201634652,p58,True
a18535712500,p58,False
a57197765353,p59,True
a7004300863,p59,False
a8421746800,p59,False
a57188681207,p60,True
a36349287300,p60,False
a57189235340,p61,True
a55547123342,p61,False
a7003292762,p61,False
a25639041400,p61,False
a55967471000,p61,False
a57218221803,p61,False
a56709287700,p62,True
a56387524600,p62,False
a57202735625,p62,False
a16422844400,p62,False
a7102975249,p62,False
a7003381644,p63,True
a6701834327,p63,False
a57202445593,p64,True
a7004609408,p64,False
a8660143800,p64,False
a6506736843,p64,False
a6507359986,p65,True
a57214365851,p65,False
a57212088299,p65,False
a7003663333,p65,False
a6602889035,p65,False
a57216181629,p66,True
a36245410800,p66,False
a57191110417,p66,False
a56622088300,p66,False
a57195921912,p66,False
a57215904613,p66,False
a7402756644,p66,False
a57217317667,p66,False
a57195591421,p66,False
a57217789464,p66,False
a57216183270,p66,False
a57207901363,p66,False
a34873697600,p66,False
a56767836200,p66,False
a7102900497,p66,False
a57196422740,p67,True
a7403518015,p67,False
a36852156000,p67,False
a16245238300,p67,False
a57202776341,p68,True
a57212879455,p68,False
a57212877661,p68,False
a57212877401,p68,False
a35262249500,p68,False
a7102405529,p68,False
a7007046711,p68,False
a57212107391,p69,True
a57216754583,p69,False
a57200117690,p69,False
a35209941000,p69,False
a8342785400,p69,False
a57190228554,p70,True
a7102879142,p70,False
a57211891331,p71,True
a57199244740,p71,False
a7406665619,p71,False
a57204433875,p71,False
a7406665619,p72,True
a57215212754,p72,False
a57215211789,p72,False
a57214076898,p73,True
a57198146081,p73,False
a7006441571,p73,False
a12142543700,p73,False
a57191873151,p74,True
a57216430816,p74,False
a7003772744,p74,False
a55971908500,p75,True
a54415193700,p75,False
a56489679500,p75,False
a55522618700,p75,False
a55864283000,p75,False
a57211516485,p75,False
a57209110872,p76,True
a57206455220,p76,False
a7103248108,p76,False
a57191108291,p77,True
a57212383793,p77,False
a57212379321,p77,False
a57202904399,p77,False
a7403279876,p77,False
a57207901363,p77,False
a6507391043,p77,False
a57196261400,p78,True
a57214229367,p78,False
a7003381644,p78,False
a57214855898,p79,True
a57215031057,p79,False
a8608718200,p79,False
a6701610428,p79,False
a7410190129,p79,False
a7403218372,p79,False
a57200515115,p80,True
a57194698845,p80,False
a12142543700,p80,False
a8705255200,p80,False
a35409277700,p80,False
a57193749678,p81,True
a55457444300,p81,False
a6701863708,p81,False
a57201666213,p82,True
a55694540600,p82,False
a7004479819,p82,False
a7003545107,p82,False
a13406135400,p82,False
a57190228554,p83,True
a7102879142,p83,False
a57203017789,p84,True
a35147940600,p84,False
a6701609778,p84,False
a36987999600,p85,True
a7003868048,p85,False
a7202083837,p85,False
a56692412900,p86,True
a57211105311,p86,False
a7202518970,p86,False
a12445742400,p86,False
a7005052477,p87,True
a8750608700,p87,False
a57214071214,p87,False
a57193518829,p88,True
a12142543700,p88,False
a8705255200,p88,False
a7006583274,p88,False
a55359526600,p88,False
a56911636200,p88,False
a55272011900,p88,False
a57203486012,p88,False
a57202293242,p89,True
a57203024588,p89,False
a57160053200,p89,False
a36006215900,p89,False
a55944615300,p89,False
a57191995369,p90,True
a7003381644,p90,False
a57195515828,p91,True
a57211443769,p91,False
a57211435896,p91,False
a7005408810,p91,False
a56685601500,p92,True
a16549438300,p92,False
a56685789300,p92,False
a57212757453,p92,False
a57212871890,p92,False
a57215487696,p92,False
a16548815300,p92,False
a7202875039,p92,False
a6701383359,p92,False
a57191570988,p93,True
a57201357657,p93,False
a6602649851,p93,False
a57214937519,p94,True
a57210289242,p94,False
a57192710054,p94,False
a6701720294,p94,False
a57211516485,p94,False
a57219015425,p95,True
a55813139600,p95,False
a57203836305,p95,False
a57219009389,p95,False
a57219005376,p95,False
a57219006078,p95,False
a12142543700,p95,False
a57218481091,p96,True
a57217024741,p96,False
a57218482479,p96,False
a34873482400,p97,True
a6507317548,p98,True
a54781821400,p99,True
a57215052018,p99,False
a57215058041,p99,False
a7102975249,p99,False
a56957771800,p100,True
a57189235340,p100,False
a57204469757,p100,False
a7003292762,p100,False
a57188691775,p101,True
a57188173800,p101,False
a36349287300,p101,False
a57202579348,p102,True
a57214718289,p102,False
a56830076500,p102,False
a57193706327,p103,True
a57193715705,p103,False
a7202282831,p103,False
a7003302831,p103,False
a16066928300,p103,False
a57188833818,p104,True
a57209881955,p104,False
a6701720294,p104,False
a57212345817,p104,False
a57218689472,p105,True
a57218687826,p105,False
a57218685971,p105,False
a7006533953,p105,False
a57211516485,p105,False
a57188833818,p106,True
a57209881955,p106,False
a57209889565,p106,False
a6701720294,p106,False
a56045493000,p106,False
a57217866402,p107,True
a8244752200,p107,False
a55727966500,p107,False
a57217871738,p107,False
a57218270296,p108,True
a57218269408,p108,False
a6507317548,p108,False
a56215007300,p109,True
a50162863000,p109,False
a55422614200,p109,False
a6603288835,p109,False
a13405030000,p109,False
a55904183100,p109,False
a55279219900,p109,False
a57211205845,p109,False
a38662818500,p109,False
a57203219105,p109,False
a14059027500,p109,False
a6505524737,p109,False
a20735824800,p109,False
a7103004161,p109,False
a56830076500,p110,True
a57202612841,p110,False
a10640480600,p110,False
a36499438800,p110,False
a55860312700,p110,False
a57201618074,p111,True
a6506325894,p111,False
a8608764300,p111,False
a7003772744,p111,False
a56957771800,p112,True
a57189235340,p112,False
a57204470823,p112,False
a57204469757,p112,False
a7003292762,p112,False
a57204469757,p113,True
a7003292762,p113,False
a57211518929,p114,True
a56036628100,p114,False
a16033650300,p114,False
a57195804520,p115,True
a24483038000,p115,False
a6701720294,p115,False
a57211516485,p115,False
a57189375802,p116,True
a57212455523,p116,False
a6603286802,p116,False
a57023931200,p116,False
a24830555500,p116,False
a6602776615,p116,False
a9277159100,p116,False
a56857577200,p117,True
a10141271600,p117,False
a16643231700,p117,False
a55359090100,p117,False
a8244752200,p118,True
a57217872286,p118,False
a57217867341,p118,False
a36893877000,p118,False
a57189218211,p119,True
a48361087900,p119,False
a7003381644,p119,False
a7005241866,p120,True
a7006815587,p120,False
a36154754400,p120,False
a57190402922,p121,True
a36668159600,p121,False
a7006542177,p121,False
a57193226888,p122,True
a57216966389,p122,False
a57208015963,p122,False
a57193230951,p122,False
a56584993700,p122,False
a55367023500,p122,False
a7403329173,p122,False
a57204964732,p123,True
a12544690900,p123,False
a7003292762,p123,False
a54978625300,p123,False
a57201759181,p124,True
a57211516485,p124,False
a16548784600,p124,False
a8922674200,p124,False
a55764938300,p125,True
a6701550039,p125,False
a6506328689,p125,False
a57201947722,p126,True
a57209567638,p126,False
a57209581042,p126,False
a55845968200,p126,False
a14831622300,p126,False
a12646372900,p126,False
a55788214400,p126,False
a57219330558,p127,True
a57219332168,p127,False
a57219327922,p127,False
a14831622300,p127,False
a55220932600,p127,False
a55788214400,p127,False
a56263319900,p128,True
a55436436900,p128,False
a57218480110,p128,False
a7004688501,p128,False
a35209941000,p128,False
a7601550121,p128,False
a57201735120,p129,True
a57216287696,p129,False
a57216287324,p129,False
a6506462706,p129,False
a8357777200,p129,False
a7004945584,p129,False
a16033650300,p130,True
a9741060000,p130,False
a12143690400,p130,False
a57208015244,p130,False
a57052262900,p130,False
a57204944822,p130,False
a7102369425,p130,False
a6603460787,p130,False
a6603089864,p130,False
a12761902000,p130,False
a56036628100,p130,False
a9279493200,p130,False
a57194034271,p131,True
a53866135200,p131,False
a55315026400,p131,False
a57216076371,p131,False
a56818839700,p131,False
a23570183200,p131,False
a57215823167,p131,False
a57216048774,p131,False
a7202049689,p132,True
a57207774891,p132,False
a57213342768,p132,False
a7006410098,p132,False
a56206655300,p133,True
a55368982000,p133,False
a56078804700,p133,False
a57216040137,p133,False
a7102391180,p133,False
a7402406630,p133,False
a7004398165,p133,False
a6701655006,p133,False
a35103143500,p133,False
a57216037206,p133,False
a7801550098,p133,False
a14832404400,p133,False
a55559344500,p134,True
a6701910642,p134,False
a56221719300,p135,True
a57210161259,p135,False
a57203181568,p135,False
a57212304730,p135,False
a55458271500,p135,False
a56266132600,p135,False
a57210289242,p136,True
a6701720294,p136,False
a57211516485,p136,False
a57209399454,p137,True
a6602649851,p137,False
a6701863708,p137,False
a9245406100,p137,False
a57194053456,p138,True
a56968013300,p138,False
a6701746882,p138,False
a6701723921,p138,False
a57202910211,p139,True
a57196421757,p139,False
a24402340500,p139,False
a55645613600,p140,True
a55546296200,p140,False
a55813139600,p140,False
a6603579157,p140,False
a28167695400,p140,False
a12142543700,p140,False
a57212950333,p140,False
a55945437600,p141,True
a7004277402,p141,False
a55911870000,p141,False
a9942259800,p141,False
a57215811083,p142,True
a17434035200,p142,False
a24726409500,p142,False
a35147940600,p142,False
a57191862517,p143,True
a23091904000,p143,False
a57208341600,p143,False
a53878508900,p143,False
a56363360200,p143,False
a56148594700,p143,False
a6602577617,p143,False
a36176552000,p143,False
a57207901363,p143,False
a57189244450,p144,True
a57211332837,p144,False
a8231832400,p144,False
a57192300416,p144,False
a6701454416,p144,False
a56196521900,p145,True
a35597296700,p145,False
a57202064143,p146,True
a57204597171,p146,False
a57192662939,p146,False
a57210982957,p146,False
a57204035623,p146,False
a57196952707,p146,False
a57196950804,p146,False
a57213874106,p146,False
a7402658393,p146,False
a56584019300,p147,True
a56714263700,p147,False
a8608718200,p147,False
a56680952700,p148,True
a7003498769,p148,False
a7202083837,p148,False
a57211891331,p149,True
a57199244740,p149,False
a7406665619,p149,False
a55588035200,p150,True
a6601908155,p150,False
a56102505100,p151,True
a57191620725,p151,False
a56819566000,p151,False
a8448666000,p151,False
a16178649400,p151,False
a35729129900,p152,True
a53866006800,p152,False
a56126031600,p152,False
a36538565900,p152,False
a57210585829,p152,False
a57203978933,p153,True
a57212415946,p153,False
a7403218372,p153,False
a6701720294,p153,False
a7005408810,p153,False
a57211516485,p153,False
a57205129154,p154,True
a7402370024,p154,False
a57203310052,p154,False
a18535712500,p154,False
a57193627694,p155,True
a7005513246,p155,False
a7004904337,p155,False
a35175200200,p156,True
a7005513246,p156,False
a6602198438,p157,True
a55948963100,p157,False
a7005411524,p157,False
a36459611200,p158,True
a7402074463,p158,False
a34868168700,p158,False
a7202083837,p159,True
a57126129700,p159,False
a36987999600,p159,False
a7003868048,p159,False
a57192247939,p160,True
a57218886153,p160,False
a6701777223,p160,False
a8448666000,p160,False
a57205617484,p161,True
a57215432728,p161,False
a8448666000,p161,False
a6701777223,p161,False
a57218886193,p161,False
a56677251600,p162,True
a57208598187,p162,False
a57211516485,p162,False
a7004307869,p162,False
a57205257595,p162,False
a55315026400,p163,True
a36503632200,p163,False
a16481299700,p163,False
a56331558100,p163,False
a47962305800,p163,False
a7101640734,p163,False
a55916448500,p163,False
a57200363612,p164,True
a57212151348,p164,False
a57212147414,p164,False
a57212136375,p164,False
a7403218372,p164,False
a57200529047,p165,True
a56112492400,p165,False
a57215653879,p165,False
a7003772744,p165,False
a18937960700,p165,False
a57216187696,p165,False
a57202818911,p166,True
a7102523474,p166,False
a25627506700,p166,False
a57210477807,p166,False
a7005345401,p166,False
a7005976828,p166,False
a57202910818,p167,True
a55213245300,p167,False
a57192067288,p167,False
a57208225620,p167,False
a57196372172,p167,False
a57211642778,p167,False
a57202855772,p167,False
a57209824884,p167,False
a57202910818,p168,True
a55213245300,p168,False
a57208225620,p168,False
a57196372172,p168,False
a57211642778,p168,False
a57209824884,p168,False
a57193749678,p169,True
a55457444300,p169,False
a6701863708,p169,False
a35729129900,p170,True
a7406665619,p170,False
a57212089454,p171,True
a57202116348,p171,False
a56709476900,p171,False
a7102975249,p171,False
a16422844400,p171,False
a56709476900,p172,True
a57205025235,p172,False
a57202256915,p172,False
a57193755486,p172,False
a7005408810,p172,False
a7006111578,p172,False
a57002749600,p172,False
a7102975249,p172,False
a16422844400,p172,False
a56709287700,p173,True
a57202735625,p173,False
a56387524600,p173,False
a16422844400,p173,False
a7102975249,p173,False
a57208584595,p174,True
a7005513246,p174,False
a35546747200,p174,False
a57003496300,p175,True
a57212110613,p175,False
a57212107391,p175,False
a57200117690,p175,False
a7004688501,p175,False
a57216244800,p175,False
a7409253428,p175,False
a35209941000,p175,False
a6508306234,p176,True
a9277159100,p176,False
a57003496300,p177,True
a57212110613,p177,False
a57212107391,p177,False
a57200117690,p177,False
a7004688501,p177,False
a7404504014,p177,False
a7409253428,p177,False
a35209941000,p177,False
a57144864700,p178,True
a57194205673,p178,False
a35078644900,p178,False
a7406665619,p178,False
a57204475222,p178,False
a8208317300,p178,False
a35729129900,p179,True
a55797091700,p179,False
a57210585829,p179,False
a57204783601,p179,False
a57192945685,p180,True
a56939117000,p180,False
a56585491000,p180,False
a16308483700,p180,False
a57200214703,p180,False
a35311157900,p180,False
a55972769000,p180,False
a36483856300,p180,False
a57194027885,p181,True
a55345299700,p181,False
a56110251000,p181,False
a7003545107,p181,False
a57191873151,p182,True
a7003772744,p182,False
a57208682307,p183,True
a14033673100,p183,False
a14059209700,p184,True
a57201589125,p184,False
a7406665619,p184,False
a57210419894,p184,False
a7201793184,p184,False
a16481299700,p185,True
a55315026400,p185,False
a7101640734,p185,False
a35147940600,p186,True
a24779209500,p186,False
a17434035200,p186,False
a24726409500,p186,False
a56012631600,p187,True
a56487893500,p187,False
a7402648240,p187,False
a18535712500,p187,False
a57200884469,p187,False
a57203221999,p187,False
a57191155872,p188,True
a6603570606,p188,False
a57203028829,p188,False
a7402786794,p188,False
a35088650000,p188,False
a7402258065,p189,True
a56824897200,p190,True
a35562442700,p190,False
a57210916608,p191,True
a7006542177,p191,False
a57210911049,p192,True
a57207008616,p192,False
a56248593800,p192,False
a35562442700,p192,False
a56315330500,p193,True
a16178649400,p193,False
a55858031100,p194,True
a7004300863,p194,False
a57189235340,p195,True
a7003292762,p195,False
a57211493546,p196,True
a7003292762,p196,False
a57205881788,p197,True
a57214032187,p197,False
a57208524360,p198,True
a26634229600,p198,False
a7005934389,p199,True
a57208823236,p199,False
a57190605478,p199,False
a12142543700,p199,False
a35508257500,p200,True
a8321530600,p200,False
a7005709969,p200,False
a57208255032,p201,True
a56677251600,p201,False
a15848771600,p201,False
a7006533953,p201,False
a57211516485,p201,False
a57199980412,p202,True
a6701863708,p202,False
a55457444300,p202,False
a55475654800,p202,False
a43961414900,p203,True
a57209474608,p204,True
a35867849600,p204,False
a12445208100,p204,False
a35868117400,p204,False
a9041055700,p204,False
a57191156976,p205,True
a57209978209,p205,False
a8929123100,p205,False
a57118455800,p206,True
a7401431037,p206,False
a24401574900,p206,False
a57201432287,p207,True
a7003498548,p207,False
a57207334294,p208,True
a12142543700,p208,False
a7006583274,p208,False
a8705255200,p208,False
a26641352100,p209,True
a23569552400,p209,False
a36769181100,p209,False
a56976354400,p210,True
a57209659294,p210,False
a57209655847,p210,False
a57204570329,p210,False
a55315026400,p210,False
a9277159100,p210,False
a57200077532,p211,True
a57210191104,p211,False
a57214009254,p211,False
a9277159100,p211,False
a55315026400,p211,False
a57217482839,p212,True
a14033673100,p212,False
a57209640119,p213,True
a57190402922,p213,False
a7006542177,p213,False
a57210919648,p214,True
a56248593800,p214,False
a57210912098,p215,True
a57206968876,p215,False
a56824897200,p215,False
a57210911049,p215,False
a7006542177,p215,False
a57210916608,p216,True
a7006542177,p216,False
a57204433875,p217,True
a7406665619,p217,False
a57205198823,p218,True
a35508257500,p218,False
a35508257500,p219,True
a57210927548,p220,True
a57210928665,p220,False
a6602572190,p220,False
a6601908155,p220,False
a57210914089,p221,True
a57203981655,p221,False
a57210920448,p221,False
a56248593800,p221,False
a57202433366,p222,True
a57205881788,p222,False
a56724258600,p223,True
a7801676127,p223,False
a57194391871,p224,True
a57189491950,p224,False
a57205348362,p224,False
a9277159100,p224,False
a51461952600,p224,False
a6701777223,p225,True
a8448666000,p225,False
a57218886193,p225,False
a57191873151,p226,True
a57216491948,p226,False
a57216430816,p226,False
a7003772744,p226,False
a57191587072,p227,True
a57207334294,p227,False
a12142543700,p227,False
a24295291100,p227,False
a23052031200,p227,False
a7004495126,p227,False
a12778890800,p227,False
a16481299700,p228,True
a57194703295,p228,False
a57144565100,p228,False
a56331558100,p228,False
a57189458176,p228,False
a7101640734,p228,False
a55315026400,p228,False
a24080990600,p228,False
a57200529047,p229,True
a56323465700,p229,False
a56112492400,p229,False
a57209274795,p229,False
a7102483892,p229,False
a7003772744,p229,False
a57200208018,p230,True
a36701008900,p230,False
a7201687754,p230,False
a7202401225,p230,False
a12805837100,p230,False
a56257805000,p230,False
a7005067917,p230,False
a7202417224,p230,False
a55927295500,p230,False
a6508257901,p230,False
a55931847400,p230,False
a7004092560,p230,False
a56955794500,p230,False
a55778257800,p230,False
a6701664914,p230,False
a24504209800,p230,False
a55247112800,p230,False
a57207841000,p230,False
a12780700500,p230,False
a7006236094,p230,False
a16303239800,p230,False
a55315191100,p230,False
a57194063754,p230,False
a6701501207,p230,False
a24072733200,p230,False
a55813139600,p230,False
a57192140261,p230,False
a57207843958,p230,False
a57207841443,p230,False
a57207846799,p230,False
a56473665600,p230,False
a23977815400,p230,False
a56308354900,p230,False
a36859700200,p230,False
a26221155700,p230,False
a24385613600,p230,False
a15081415200,p230,False
a7408416878,p230,False
a11042527300,p230,False
a56185388600,p230,False
a57207844500,p230,False
a57189577432,p230,False
a6602943081,p230,False
a57207842677,p230,False
a39062078800,p230,False
a7101608513,p230,False
a6602499334,p230,False
a57202152216,p230,False
a57213372150,p230,False
a8555191500,p230,False
a57195579636,p230,False
a57207842193,p230,False
a57203836326,p230,False
a55639502500,p230,False
a6602168494,p230,False
a57209284973,p231,True
a56221901100,p231,False
a6507753128,p231,False
a56266132600,p231,False
a6504734319,p231,False
a57210287166,p232,True
a57210290270,p232,False
a57210288045,p232,False
a57210292389,p232,False
a7202083837,p232,False
a35147940600,p232,False
a57204433875,p233,True
a7406665619,p233,False
a24759275600,p234,True
a57207312334,p234,False
a56387524600,p235,True
a56709476900,p235,False
a56709364700,p235,False
a16422844400,p235,False
a7102975249,p235,False
a57192981384,p236,True
a57190258899,p236,False
a24333330300,p236,False
a57189382200,p236,False
a57203250533,p236,False
a57203957449,p237,True
a14059209700,p237,False
a7406665619,p237,False
a55367023500,p237,False
a57201759181,p238,True
a16548784600,p238,False
a57188833818,p238,False
a55247719300,p239,True
a56709476900,p239,False
a56871132500,p239,False
a7402407628,p239,False
a7102975249,p239,False
a16422844400,p239,False
a57210286057,p240,True
a57210287346,p240,False
a17434035200,p240,False
a24726409500,p240,False
a35147940600,p240,False
a57210288854,p241,True
a57214559823,p241,False
a17434035200,p241,False
a24726409500,p241,False
a35147940600,p241,False
a6602749964,p242,True
a57205512220,p242,False
a7102985794,p242,False
a9739395200,p242,False
a57202736299,p242,False
a57205515588,p242,False
a57205514839,p242,False
a8705255200,p243,True
a57194392244,p244,True
a7006214218,p244,False
a57194503011,p244,False
a9845705900,p244,False
a7004929818,p244,False
a57194379165,p244,False
a57207901363,p244,False
a6603325558,p244,False
a57191586637,p245,True
a57208184650,p245,False
a57189294915,p245,False
a6602572190,p245,False
a6701755273,p245,False
a55200909800,p245,False
a7004234161,p245,False
a56330970800,p246,True
a57188833818,p246,False
a57190247942,p246,False
a57197791798,p246,False
a6701720294,p246,False
a57211516485,p246,False
a55588035200,p247,True
a57191995887,p247,False
a57203240784,p247,False
a57193574682,p247,False
a57208784903,p247,False
a56417117600,p247,False
a57203245208,p247,False
a57208771517,p247,False
a35621274900,p247,False
a55681652500,p247,False
a7003445799,p247,False
a6601908155,p247,False
a55855376400,p248,True
a56830076500,p248,False
a7202083837,p249,True
a57126390100,p249,False
a57214523209,p250,True
a57205509268,p250,False
a57208845618,p250,False
a57205502574,p250,False
a57205849200,p250,False
a57205504743,p250,False
a57207222602,p250,False
a57205501457,p250,False
a57205504946,p250,False
a57205502490,p250,False
a7004339080,p250,False
a57200375892,p251,True
a7003772744,p251,False
a24295291100,p252,True
a7401431037,p252,False
a57193720916,p252,False
a57118455800,p252,False
a6701421652,p252,False
a57205270902,p252,False
a57209887692,p253,True
a17434035200,p253,False
a24726409500,p253,False
a35147940600,p253,False
a57206968876,p254,True
a36668159600,p254,False
a57205763350,p254,False
a57190404271,p254,False
a7006542177,p254,False
a7004435321,p255,True
a56781290700,p255,False
a36055605700,p255,False
a16041305200,p255,False
a57215322624,p256,True
a57202818911,p256,False
a7102523474,p256,False
a57203310052,p257,True
a57204552603,p257,False
a57204551844,p257,False
a57204547933,p257,False
a24295291100,p257,False
a57195217444,p257,False
a7003302831,p258,True
a57193706327,p258,False
a7202282831,p258,False
a16066928300,p258,False
a57200690449,p259,True
a35597296700,p259,False
a57208717150,p260,True
a55457444300,p260,False
a57204091960,p261,True
a7401431037,p261,False
a56353116200,p262,True
a57197765353,p262,False
a7004300863,p262,False
a6603717022,p262,False
a56584019300,p263,True
a55542008600,p263,False
a56714263700,p263,False
a8608718200,p263,False
a57210923446,p264,True
a55652695700,p264,False
a57205329719,p264,False
a57199801999,p264,False
a57193242858,p264,False
a7005512824,p264,False
a57205263313,p265,True
a56036628100,p265,False
a36953700600,p265,False
a16033650300,p265,False
a23970286000,p266,True
a57194276793,p266,False
a57208827685,p266,False
a7401703652,p266,False
a57202228997,p266,False
a7006111578,p266,False
a54415129200,p266,False
a7005373645,p266,False
a57189235340,p267,True
a7003292762,p267,False
a57202047395,p268,True
a57193927413,p268,False
a54978625300,p268,False
a26029526200,p268,False
a7006799143,p268,False
a57203922639,p269,True
a57196487336,p269,False
a16199522200,p269,False
a57188681207,p270,True
a56985459400,p270,False
a57195343816,p270,False
a57188173800,p270,False
a57201722090,p270,False
a36349287300,p270,False
a56237421600,p271,True
a6701863708,p271,False
a55457444300,p271,False
a8608718200,p271,False
a55912340300,p272,True
a57201864184,p272,False
a34874297000,p272,False
a10639679200,p272,False
a16178649400,p272,False
a56854811600,p273,True
a55141781300,p273,False
a57190384916,p274,True
a7005253700,p274,False
a7004060735,p274,False
a9942259800,p274,False
a55413434100,p275,True
a55827824100,p275,False
a48361087900,p276,True
a57189218211,p276,False
a7003381644,p276,False
a57197733358,p277,True
a57200390842,p277,False
a57003496300,p277,False
a8342785400,p277,False
a35209941000,p277,False
a8392459500,p278,True
a57200730892,p278,False
a53984647600,p278,False
a56806547100,p278,False
a57201199846,p278,False
a57191862517,p278,False
a57201509548,p278,False
a7006051256,p278,False
a6505878659,p278,False
a8298784700,p278,False
a35747244700,p278,False
a57193565771,p279,True
a16178649400,p279,False
a56315330500,p280,True
a16177635300,p280,False
a16178649400,p280,False
a57207108623,p281,True
a57200290256,p281,False
a57207112163,p281,False
a7102270639,p281,False
a57205388766,p282,True
a57205393448,p282,False
a16313800700,p282,False
a57208598187,p283,True
a6701720294,p283,False
a15848771600,p283,False
a57211516485,p283,False
a8448666000,p284,True
a57205617484,p284,False
a55638504300,p284,False
a6701777223,p284,False
a57218886153,p284,False
a7004300863,p285,True
a7102879142,p285,False
a56798055200,p286,True
a57192697616,p286,False
a8621794000,p286,False
a9277159100,p286,False
a57215306633,p287,True
a8621794000,p287,False
a57201367093,p288,True
a6602649851,p288,False
a57189445479,p289,True
a7005636820,p289,False
a55812232700,p289,False
a57192697616,p290,True
a8621794000,p290,False
a57192955909,p291,True
a56830076500,p291,False
a57209640119,p291,False
a55161739600,p292,True
a57211281996,p292,False
a57211282830,p292,False
a57204903122,p293,True
a57187178400,p293,False
a55161739600,p293,False
a57211282935,p294,True
a55161739600,p294,False
a57216747100,p295,True
a57216739000,p295,False
a16313800700,p295,False
a7005357023,p296,True
a57216751001,p296,False
a57216748895,p296,False
a36913263000,p296,False
a57217283178,p296,False
a57216749286,p296,False
a6701646284,p296,False
a57197765353,p297,True
a7004300863,p297,False
a7004904337,p298,True
a57212553003,p298,False
a7202518970,p299,True
a57200205435,p299,False
a57203245208,p300,True
a57203241931,p300,False
a57210927548,p300,False
a57212168814,p300,False
a57212172095,p300,False
a6601908155,p300,False
a57205292526,p301,True
a57211987837,p301,False
a6701646284,p301,False
a16313800700,p301,False
a57195066838,p302,True
a7005513246,p302,False
a35621274900,p303,True
a55681652500,p303,False
a56417117600,p303,False
a57212106357,p303,False
a57212103171,p303,False
a57193574682,p303,False
a6601908155,p303,False
a7003445799,p303,False
a57211214561,p304,True
a8244752200,p304,False
a57211216470,p304,False
a55727966500,p304,False
a35621274900,p305,True
a55681652500,p305,False
a56417117600,p305,False
a57212107036,p305,False
a57212104751,p305,False
a57212106857,p305,False
a57212103171,p305,False
a57212104028,p305,False
a6601908155,p305,False
a7003445799,p305,False
a55681652500,p306,True
a7003445799,p306,False
a57204799155,p307,True
a57204803477,p307,False
a57204802622,p307,False
a14033673100,p307,False
a57219001134,p308,True
a57218994430,p308,False
a57218994299,p308,False
a7202083837,p308,False
a57210292389,p309,True
a57210287166,p309,False
a7202083837,p309,False
a35147940600,p309,False
a57205617484,p310,True
a57218995344,p310,False
a7202083837,p311,True
a57219001134,p311,False
a36677010800,p311,False
a57204692730,p312,True
a7202083837,p312,False
a55813139600,p313,True
a56747516900,p313,False
a56071519600,p314,True
a6701720294,p314,False
a57211516485,p314,False
a7006441571,p314,False
a57212342916,p315,True
a6701720294,p315,False
a7006441571,p315,False
a57211516485,p315,False
a57212351695,p316,True
a57212342217,p316,False
a6701720294,p316,False
a57211516485,p316,False
a57212343330,p317,True
a7004300863,p317,False
a35262249500,p317,False
a57208598187,p318,True
a57210289242,p318,False
a6701720294,p318,False
a57211516485,p318,False
a57192710054,p319,True
a57188833818,p319,False
a6701720294,p319,False
a57212351059,p320,True
a7004300863,p320,False
a6701720294,p320,False
a57212341630,p321,True
a57208598187,p321,False
a57192710054,p321,False
a6701720294,p321,False
a57211516485,p321,False
a57212277900,p322,True
a57188667076,p322,False
a7403218372,p322,False
a57200534297,p323,True
a7004300863,p323,False
a57214773567,p323,False
a8421746800,p323,False
a57212136375,p324,True
a7403218372,p324,False
a57192943554,p325,True
a57212271263,p325,False
a35409277700,p325,False
a7004300863,p325,False
a57190228554,p326,True
a7102879142,p326,False
a57111140800,p327,True
a56798055200,p327,False
a8621794000,p327,False
a9277159100,p327,False
a57197737083,p328,True
a57205761514,p328,False
a57205766759,p328,False
a57205762398,p328,False
a56830076500,p328,False
a7004511126,p329,True
a57200687939,p329,False
a57200688910,p329,False
a7202518970,p329,False
a57031187500,p330,True
a7006111578,p330,False
a7005636820,p330,False
a57089497400,p331,True
a57209912956,p331,False
a57209911428,p331,False
a57211503118,p331,False
a57211500187,p331,False
a7006120837,p331,False
a7004234161,p331,False
a7005636820,p332,True
a57031187500,p332,False
a57209538650,p332,False
a57209530205,p332,False
a7006111578,p332,False
a57215116223,p333,True
a57191952713,p333,False
a57188658434,p333,False
a8621794000,p333,False
a36682113800,p333,False
a57188658434,p334,True
a56245452300,p334,False
a35310092900,p334,False
a8621794000,p334,False
a57214589312,p335,True
a57215007775,p335,False
a55812232700,p335,False
a7006120837,p335,False
a36126203400,p335,False
a7102843798,p335,False
a57214451592,p336,True
a6603114735,p336,False
a8641604600,p336,False
a7003772744,p336,False
a57201357657,p337,True
a57191570988,p337,False
a6602649851,p337,False
a23027991800,p337,False
a7103035939,p338,True
a57212228353,p338,False
a7404957607,p338,False
a9277159100,p338,False
a57203578595,p339,True
a57203572508,p339,False
a36055605700,p339,False
a7004435321,p339,False
a55849943100,p340,True
a6701863708,p340,False
a6602649851,p340,False
a9245406100,p340,False
a35338971800,p341,True
a35562442700,p341,False
a57207260622,p342,True
a24336460200,p342,False
a8660143800,p342,False
a57195960835,p343,True
a57203300120,p343,False
a13607032600,p343,False
a55681652500,p344,True
a57209399640,p344,False
a57212167791,p344,False
a35621274900,p344,False
a7003445799,p344,False
a57209394752,p344,False
a6601908155,p344,False
a57211217749,p345,True
a8244752200,p345,False
a55727966500,p345,False
a57203661821,p346,True
a46961076700,p346,False
a7801515665,p346,False
a35562442700,p346,False
a56387524600,p347,True
a56709476900,p347,False
a56709364700,p347,False
a16422844400,p347,False
a7102975249,p347,False
a55588035200,p348,True
a57191995887,p348,False
a57208784903,p348,False
a7003445799,p348,False
a6601908155,p348,False
a7003663333,p349,True
a57208012133,p349,False
a57208012227,p349,False
a55698505100,p350,True
a56709287700,p350,False
a57203308821,p350,False
a55326143600,p350,False
a7102975249,p350,False
a16422844400,p350,False
a55588035200,p351,True
a56417117600,p351,False
a7003445799,p351,False
a6601908155,p351,False
a55588035200,p352,True
a57208784903,p352,False
a55681652500,p352,False
a7003445799,p352,False
a6601908155,p352,False
a57212351859,p353,True
a7404766197,p353,False
a7102879142,p353,False
a7004300863,p353,False
a57212271159,p354,True
a57205765859,p354,False
a7004300863,p354,False
a7102879142,p354,False
a7404766197,p354,False
a7201511283,p355,True
a6602191934,p355,False
a57193878725,p355,False
a57189375802,p356,True
a57210949030,p356,False
a7404901361,p356,False
a9277159100,p356,False
a57210375461,p357,True
a57200688910,p357,False
a55861508600,p357,False
a56484754900,p357,False
a7004300863,p358,True
a57197773578,p358,False
a6506942267,p358,False
a6602562656,p358,False
a57202116348,p359,True
a57202112010,p359,False
a57202120923,p359,False
a16422844400,p359,False
a7102975249,p359,False
a57193360481,p360,True
a57205763350,p360,False
a57205765859,p360,False
a57205767010,p360,False
a56830076500,p360,False
a57205762391,p360,False
a55315026400,p361,True
a35435170000,p361,False
a55665473200,p361,False
a57204677450,p361,False
a57204677555,p361,False
a56957771800,p362,True
a57189235340,p362,False
a57204472177,p362,False
a57204470823,p362,False
a57204469757,p362,False
a7003292762,p362,False
a56530707600,p363,True
a6701610428,p363,False
a54790496100,p363,False
a7410190129,p363,False
a26427694400,p364,True
a57190256209,p364,False
a57191107247,p364,False
a16313800700,p364,False
a55664291100,p364,False
a7202317282,p365,True
a57192070840,p365,False
a57209824884,p365,False
a57201700890,p366,True
a57195574701,p366,False
a57207901363,p366,False
a53878508900,p366,False
a57188833818,p367,True
a57209889565,p367,False
a57209881955,p367,False
a6701720294,p367,False
a56045493000,p367,False
a57215333932,p368,True
a34868658300,p368,False
a57215305002,p368,False
a7410171017,p368,False
a57215336161,p368,False
a57201360985,p369,True
a57212351343,p369,False
a35562442700,p369,False
a36349287300,p369,False
a6506328689,p370,True
a57194859276,p370,False
a10141271600,p370,False
a15766049500,p370,False
a55359090100,p370,False
a7202538835,p370,False
a15044701600,p370,False
a36055605700,p371,True
a57203579114,p371,False
a57203573476,p371,False
a57203570620,p371,False
a7004435321,p371,False
a7006120837,p372,True
a57216989927,p372,False
a57211502145,p372,False
a6507803480,p372,False
a57194859276,p373,True
a10141271600,p373,False
a15766049500,p373,False
a56857577200,p373,False
a55359090100,p373,False
a7202538835,p373,False
a15044701600,p373,False
a56857577200,p374,True
a10141271600,p374,False
a16643231700,p374,False
a55359090100,p374,False
a24330327900,p375,True
a55634592700,p375,False
a36713489900,p375,False
a35725132100,p375,False
a36986090000,p375,False
a57193722976,p376,True
a7005521036,p376,False
a7004435321,p376,False
a55557218000,p377,True
a7102443026,p377,False
a7403558004,p377,False
a55247719300,p378,True
a56709476900,p378,False
a56871132500,p378,False
a7402407628,p378,False
a7102975249,p378,False
a16422844400,p378,False
a6701777223,p379,True
a8448666000,p379,False
a57218886193,p379,False
a56790117900,p380,True
a57211516485,p380,False
a15848771600,p381,True
a57212415946,p381,False
a57212345817,p381,False
a6701720294,p381,False
a57211516485,p381,False
a57193911152,p382,True
a55780846900,p382,False
a57203303999,p382,False
a57217139231,p382,False
a14064679200,p382,False
a7405891981,p382,False
a57201739935,p382,False
a6508339625,p382,False
a57213262958,p382,False
a6506674242,p382,False
a56677251600,p383,True
a57191362366,p383,False
a6701720294,p383,False
a15848771600,p383,False
a57211516485,p383,False
a57194018623,p384,True
a57205236255,p384,False
a57194101278,p384,False
a35392647700,p384,False
a7003545107,p384,False
a57204968964,p385,True
a57204964732,p385,False
a7003292762,p385,False
a12544690900,p385,False
a54978625300,p385,False
a57208246750,p386,True
a57206834042,p386,False
a57205645397,p386,False
a7003292762,p386,False
a55353164900,p386,False
a7101816954,p386,False
a19638969800,p386,False
a57200529047,p387,True
a57200527971,p387,False
a11440678000,p387,False
a7003772744,p387,False
a57192070840,p388,True
a24337245000,p388,False
a56023819400,p388,False
a10639240900,p388,False
a11043349200,p388,False
a57209824884,p388,False
a7202317282,p388,False
a54782837300,p389,True
a8048702500,p389,False
a7004435321,p389,False
a57207228809,p389,False
a7005521036,p389,False
a13411176900,p390,True
a8922674200,p390,False
a57211516485,p390,False
a57205595555,p391,True
a9336961600,p391,False
a16425686200,p391,False
a57217471535,p391,False
a56577741600,p392,True
a55807316700,p392,False
a55457444300,p392,False
a7102317656,p392,False
a57200514682,p392,False
a7003388995,p392,False
a57188833818,p393,True
a16229559200,p393,False
a57194703295,p394,True
a57207993531,p394,False
a56560118600,p394,False
a55315026400,p394,False
a7101640734,p394,False
a57214608701,p395,True
a16425686200,p395,False
a55598006500,p395,False
a23668489900,p395,False
a15848894300,p395,False
a57209871741,p395,False
a18535712500,p396,True
a7402648240,p396,False
a35380198000,p396,False
a57200884469,p396,False
a57200723881,p396,False
a7401952672,p397,True
a35556946600,p397,False
a7004590414,p397,False
a43261827400,p397,False
a35508257500,p397,False
a55428435400,p397,False
a7004611313,p397,False
a6602191934,p398,True
a7201511283,p398,False
a57193878725,p398,False
a7004507225,p398,False
a57193878725,p399,True
a57193568214,p399,False
a6506341914,p399,False
a7005053199,p399,False
a55671352500,p399,False
a22952048100,p399,False
a6602191934,p399,False
a7201511283,p399,False
a6506341914,p400,True
a57193878725,p400,False
a57193568214,p400,False
a7005053199,p400,False
a22952048100,p400,False
a55671352500,p400,False
a6602191934,p400,False
a7201511283,p400,False
a6507447149,p401,True
a23012428800,p401,False
a56642521500,p401,False
a24780432200,p401,False
a55233755100,p401,False
a9277159100,p401,False
a7801636116,p401,False
a7101973402,p401,False
a35368447500,p401,False
a7801530241,p401,False
a56689651300,p401,False
a7005786977,p401,False
a7801609389,p401,False
a55922401500,p401,False
a57191525048,p402,True
a41262329300,p402,False
a57203758421,p402,False
a57203801188,p402,False
a57203805526,p402,False
a57202763603,p402,False
a56116155300,p402,False
a57203801050,p402,False
a57199854443,p402,False
a56979909000,p402,False
a8448666000,p403,True
a57205617484,p403,False
a6701777223,p403,False
a57218886193,p403,False
a57205645397,p404,True
a57205650285,p404,False
a7003292762,p404,False
a56698926600,p405,True
a55627591500,p405,False
a57205652485,p405,False
a56957771800,p405,False
a57204469757,p405,False
a57205645397,p405,False
a7003292762,p405,False
a57193683516,p405,False
a57192247939,p406,True
a57218886153,p406,False
a6701777223,p406,False
a8448666000,p406,False
a56709476900,p407,True
a55247719300,p407,False
a55326143600,p407,False
a56871132500,p407,False
a7402407628,p407,False
a7102975249,p407,False
a16422844400,p407,False
a57202192401,p408,True
a55727966500,p408,False
a8244752200,p408,False
a6602572190,p408,False
a56330970800,p409,True
a57191362366,p409,False
a57203191415,p409,False
a57211516485,p409,False
a57193749678,p410,True
a57203142381,p410,False
a55457444300,p410,False
a6701863708,p410,False
a57204916397,p411,True
a57204916190,p411,False
a57204910117,p411,False
a57198809206,p411,False
a57204925116,p411,False
a57204911023,p411,False
a56514586700,p411,False
a57192710054,p412,True
a55303499100,p412,False
a56577817900,p412,False
a57189623841,p412,False
a7003678761,p412,False
a6602997992,p412,False
a7202539045,p412,False
a15848771600,p412,False
a57211516485,p412,False
a6701720294,p412,False
a8922674200,p413,True
a57211516485,p413,False
a7202083837,p414,True
a55710750200,p414,False
a6508087756,p414,False
a57207110219,p414,False
a57214580514,p414,False
a57204110218,p415,True
a26642910500,p415,False
a56549581200,p415,False
a55259726700,p416,True
a55256673100,p416,False
a57202609763,p416,False
a6508265156,p416,False
a56433927200,p416,False
a7404022739,p417,True
a8705255200,p417,False
a7003352704,p417,False
a7102280128,p417,False
a36154754400,p418,True
a34976725300,p418,False
a6602423274,p418,False
a57198044407,p419,True
a7201970805,p419,False
a55736791400,p419,False
a7601492574,p419,False
a7004479819,p419,False
a57203572325,p419,False
a57201742316,p420,True
a57193360481,p420,False
a56830076500,p420,False
a57200687939,p421,True
a57200688910,p421,False
a7202518970,p421,False
a7004511126,p421,False
a56463982900,p422,True
a55764401200,p422,False
a55457444300,p422,False
a6701863708,p422,False
a6602549459,p423,True
a6602123531,p423,False
a57191156976,p424,True
a57193089338,p424,False
a8929123100,p424,False
a57201086222,p425,True
a26634282400,p425,False
a26634229600,p425,False
a57204595191,p426,True
a57204607180,p426,False
a56226072000,p426,False
a7003631423,p426,False
a57204596520,p426,False
a7103236401,p426,False
a7004234161,p426,False
a57195264521,p427,True
a57204829124,p427,False
a35239803700,p427,False
a37086141200,p427,False
a8329346700,p427,False
a55369699900,p428,True
a7003772744,p428,False
a57204830739,p429,True
a57204825465,p429,False
a54978625300,p429,False
a7006372151,p429,False
a57203181568,p430,True
a57203192064,p430,False
a57203188827,p430,False
a55458271500,p430,False
a56266132600,p430,False
a55619678900,p431,True
a9277159100,p431,False
a51461952600,p431,False
a26634229600,p432,True
a57202852104,p432,False
a57202852946,p432,False
a57202860730,p432,False
a56701619800,p433,True
a8369472600,p433,False
a57193322440,p433,False
a56376235200,p433,False
a57202237979,p433,False
a56702333100,p433,False
a7401994123,p433,False
a35336731800,p433,False
a8608718200,p433,False
a23388379100,p433,False
a57204695840,p434,True
a35147940600,p434,False
a57204692730,p435,True
a35147940600,p435,False
a56680952700,p435,False
a57204695450,p435,False
a7202083837,p435,False
a56490084100,p436,True
a57204693186,p436,False
a57188711588,p437,True
a57200118672,p437,False
a57164754700,p437,False
a57200117120,p437,False
a57200118993,p437,False
a57200121629,p437,False
a16313800700,p437,False
a55523036500,p438,True
a56287595000,p438,False
a7410171017,p438,False
a56221901100,p439,True
a56426567600,p439,False
a57200181918,p439,False
a56266132600,p439,False
a57191108291,p440,True
a57202904399,p440,False
a16197655400,p440,False
a57207901363,p440,False
a56703039000,p441,True
a39362193900,p441,False
a57197749025,p441,False
a57201022887,p441,False
a57217564448,p441,False
a57208823236,p442,True
a57213462935,p442,False
a57205507684,p442,False
a57205503531,p442,False
a57194047397,p442,False
a57205500882,p442,False
a57205505883,p442,False
a57212277009,p442,False
a35587077000,p442,False
a57201759181,p443,True
a57211516485,p443,False
a16548784600,p443,False
a57190849274,p443,False
a55235047300,p444,True
a56515354700,p444,False
a57194105863,p444,False
a56921113900,p444,False
a57044630300,p444,False
a7005654753,p444,False
a56701050600,p444,False
a56266132600,p444,False
a56514586700,p444,False
a57203184524,p445,True
a57201465968,p445,False
a24295291100,p445,False
a12142543700,p445,False
a8705255200,p445,False
a56248395300,p445,False
a57203180153,p445,False
a7005486887,p445,False
a56790117900,p446,True
a57211516485,p446,False
a34874038200,p447,True
a56584019300,p448,True
a57201366662,p448,False
a57201358872,p448,False
a56714263700,p448,False
a8608718200,p448,False
a7202006620,p449,True
a57194692502,p449,False
a57194679331,p449,False
a57194686620,p449,False
a35791260000,p449,False
a13406135400,p449,False
a57198333909,p450,True
a56666222000,p450,False
a7103392045,p450,False
a56009607700,p451,True
a57200525944,p451,False
a57214792802,p451,False
a57216486642,p452,True
a57203661089,p452,False
a57203661821,p452,False
a35562442700,p452,False
a57203981655,p453,True
a56248593800,p453,False
a57203978933,p454,True
a57203982016,p454,False
a57203992542,p454,False
a7403218372,p454,False
a6701720294,p454,False
a57211516485,p454,False
a57191362366,p455,True
a57192710054,p455,False
a57203980122,p455,False
a57203980107,p455,False
a12142543700,p455,False
a6701720294,p455,False
a57211516485,p455,False
a57188833818,p456,True
a6701720294,p456,False
a57211516485,p456,False
a56677251600,p457,True
a15848771600,p457,False
a6701720294,p457,False
a57211516485,p457,False
a57204553875,p458,True
a57204546854,p458,False
a57204555914,p458,False
a56371366400,p458,False
a57202818911,p458,False
a57204555396,p458,False
a6507235629,p458,False
a7102523474,p458,False
a56709364700,p459,True
a56387524600,p459,False
a56709476900,p459,False
a57195398251,p459,False
a57201484423,p459,False
a57194155925,p459,False
a16422844400,p459,False
a7102975249,p459,False
a57203661089,p460,True
a35562442700,p460,False
a57203661821,p461,True
a35562442700,p461,False
a57201864184,p462,True
a35792700800,p462,False
a57203660684,p463,True
a39062086200,p463,False
a35562442700,p463,False
a55658283500,p464,True
a35303536900,p464,False
a57203575128,p465,True
a35303536900,p465,False
a57190404271,p466,True
a55849071700,p466,False
a57206968876,p466,False
a7006542177,p466,False
a35562442700,p466,False
a8660143800,p467,True
a56897186700,p467,False
a57197726868,p467,False
a56261172000,p467,False
a7004609408,p467,False
a24336460200,p467,False
a57202445593,p467,False
a6506736843,p467,False
a56677251600,p468,True
a7004307869,p468,False
a57203731804,p469,True
a35147940600,p469,False
a57203372448,p470,True
a35147940600,p470,False
a17434035200,p470,False
a24726409500,p470,False
a57203247682,p471,True
a57203241931,p471,False
a57203245208,p471,False
a57203240784,p471,False
a55588035200,p471,False
a6601908155,p471,False
a6602191934,p472,True
a7201511283,p472,False
a57193878725,p472,False
a57202927332,p473,True
a7202608915,p473,False
a57202921889,p473,False
a7801604567,p473,False
a54581173100,p474,True
a57202810627,p474,False
a18042644100,p474,False
a55943223600,p474,False
a57204434337,p475,True
a7005636820,p475,False
a35209941000,p475,False
a55649569259,p476,True
a7402967162,p476,False
a35597296700,p476,False
a56556056000,p477,True
a26642910500,p477,False
a57196465311,p477,False
a56740595400,p478,True
a56662711400,p478,False
a56741048000,p478,False
a56149906900,p478,False
a6603615600,p478,False
a57201759181,p479,True
a16548784600,p479,False
a57211516485,p479,False
a57189843306,p479,False
a56078900600,p480,True
a15081035500,p480,False
a7402814790,p480,False
a7101806481,p480,False
a15318992700,p480,False
a6601908712,p480,False
a8077103900,p480,False
a6602183163,p480,False
a7004295901,p480,False
a7004640341,p480,False
a35772366400,p480,False
a8390181000,p480,False
a23004910700,p480,False
a7003793778,p480,False
a8578022500,p480,False
a9241584700,p480,False
a15842178900,p480,False
a10939408000,p480,False
a54789941300,p480,False
a7006650428,p480,False
a7006817766,p480,False
a25937446600,p480,False
a55895275900,p480,False
a16043716000,p480,False
a12647140500,p480,False
a7402364894,p480,False
a7004387103,p480,False
a8891726500,p480,False
a57192430052,p480,False
a7401892754,p480,False
a23020214400,p480,False
a6603882082,p480,False
a7402396019,p480,False
a57031532300,p481,True
a57031187500,p481,False
a7006111578,p481,False
a7005636820,p481,False
a57203305966,p482,True
a6701755273,p482,False
a34874038200,p483,True
a55171433700,p483,False
a57211516485,p484,True
a6701720294,p484,False
a57193603847,p484,False
a57187178400,p484,False
a57203309361,p484,False
a7201741468,p485,True
a7102975249,p485,False
a57203310052,p486,True
a35262249500,p487,True
a57193603847,p487,False
a35191151900,p487,False
a26427435500,p488,True
a57203301406,p488,False
a36602439100,p488,False
a7201741468,p489,True
a7006372151,p489,False
a57195960835,p490,True
a23096760600,p490,False
a57203300120,p490,False
a57203306132,p490,False
a57190808464,p490,False
a13607032600,p490,False
a57203300120,p491,True
a26427435500,p491,False
a6507028828,p491,False
a13607032600,p491,False
a36602439100,p491,False
a23569552400,p492,True
a36769181100,p492,False
a26641352100,p492,False
a6701460244,p493,True
a6602928070,p493,False
a23479472600,p493,False
a6701755273,p493,False
a7404006200,p494,True
a12142543700,p494,False
a57202800731,p494,False
a14833931300,p495,True
a8705255200,p495,False
a56677251600,p495,False
a36667397700,p495,False
a12142543700,p495,False
a57201257192,p496,True
a39861044100,p496,False
a9942259800,p496,False
a36708895400,p496,False
a57190402922,p497,True
a36668159600,p497,False
a7006542177,p497,False
a57200118442,p498,True
a57200117690,p498,False
a57202289360,p498,False
a57118455800,p499,True
a7401431037,p499,False
a56237421600,p500,True
a6701863708,p500,False
a55457444300,p500,False
a8608718200,p500,False
a36459611200,p501,True
a7402074463,p501,False
a34868168700,p501,False
a56709364700,p502,True
a56387524600,p502,False
a57201484423,p502,False
a57194155925,p502,False
a57195398251,p502,False
a16422844400,p502,False
a7102975249,p502,False
a8922674200,p503,True
a6701720294,p503,False
a57211516485,p503,False
a56781290700,p504,True
a36055605700,p504,False
a7004435321,p504,False
a16041305200,p504,False
a57202322450,p505,True
a7006441571,p505,False
a14059209700,p505,False
a57202323019,p505,False
a56795914000,p505,False
a57202321033,p505,False
a57202319101,p505,False
a12142543700,p505,False
a23003484200,p506,True
a18535712500,p506,False
a26321508500,p506,False
a7003587356,p506,False
a16313800700,p507,True
a56457856600,p507,False
a16315369500,p507,False
a6507336034,p507,False
a56532087700,p507,False
a57202602903,p508,True
a57202612841,p508,False
a57202612703,p508,False
a56830076500,p508,False
a36843900000,p509,True
a8397084400,p509,False
a6602089995,p509,False
a6603684079,p509,False
a15521088300,p509,False
a56585583100,p509,False
a55449746800,p509,False
a57190247414,p509,False
a7005085503,p509,False
a35228854600,p509,False
a6505936159,p509,False
a23487261200,p509,False
a7005412154,p509,False
a55946643000,p509,False
a6603354235,p509,False
a57192063650,p509,False
a8602381900,p509,False
a55249658600,p509,False
a57207782220,p509,False
a23987692400,p509,False
a24323203800,p509,False
a7403220237,p509,False
a7103286989,p509,False
a12445208100,p510,True
a55708105800,p510,False
a56164575400,p510,False
a35236338800,p510,False
a56681156600,p511,True
a55212512700,p511,False
a56680505500,p511,False
a57203028829,p511,False
a35323710800,p512,True
a57202045558,p512,False
a56165315000,p512,False
a7003387464,p512,False
a7007046711,p512,False
a26039464700,p512,False
a56747755300,p512,False
a7005612595,p512,False
a6701610428,p512,False
a7410190129,p512,False
a57188654880,p513,True
a56830076500,p513,False
a57191822951,p513,False
a57200534297,p514,True
a7401431037,p514,False
a7102879142,p514,False
a56330168500,p515,True
a9942259800,p515,False
a39861044100,p515,False
a36708895400,p515,False
a55487415500,p515,False
a56386056100,p515,False
a56755464700,p516,True
a7005523706,p516,False
a57031532600,p516,False
a57200497294,p516,False
a57190794386,p517,True
a57201980753,p517,False
a57190797086,p517,False
a57201983321,p517,False
a7006441571,p517,False
a24333330300,p517,False
a12142543700,p517,False
a57201666213,p518,True
a56181255300,p518,False
a7004479819,p518,False
a13406135400,p518,False
a24177939700,p519,True
a6507412888,p519,False
a57204229694,p519,False
a55652903800,p519,False
a57201722090,p520,True
a57201724099,p520,False
a24465525600,p520,False
a36349287300,p520,False
a57191822951,p521,True
a56830076500,p521,False
a57188654880,p521,False
a57202116348,p522,True
a57202112010,p522,False
a57202120923,p522,False
a56709287700,p522,False
a57203246058,p522,False
a7102975249,p522,False
a7003302831,p523,True
a7202282831,p523,False
a16066928300,p523,False
a15848771600,p524,True
a57211516485,p524,False
a57197765353,p525,True
a7004300863,p525,False
a35994294500,p525,False
a24758929200,p525,False
a57201645135,p526,True
a57201646242,p526,False
a57200335858,p526,False
a57217508772,p526,False
a57201650328,p526,False
a7102837693,p526,False
a55736845400,p527,True
a57139150400,p527,False
a8244752200,p527,False
a7402422734,p527,False
a6701777223,p528,True
a8448666000,p528,False
a57218886189,p528,False
a7102443026,p529,True
a57203179434,p529,False
a55557218000,p529,False
a57213087387,p529,False
a7403558004,p529,False
a35303536900,p530,True
a57202320825,p530,False
a57207470751,p531,True
a35303536900,p531,False
a35409277700,p532,True
a7005098852,p532,False
a56896919700,p533,True
a57190371042,p533,False
a7202035366,p533,False
a7102857304,p533,False
a35546747200,p534,True
a23003275100,p534,False
a7005513246,p534,False
a6604032598,p535,True
a9733496700,p535,False
a6602866368,p535,False
a26640997500,p535,False
a57203180948,p535,False
a57203180667,p535,False
a25522430900,p535,False
a56244956300,p535,False
a57203192812,p535,False
a57203180452,p535,False
a57203185550,p535,False
a57031187500,p536,True
a7006111578,p536,False
a7005636820,p536,False
a56221901100,p537,True
a57200686665,p537,False
a57200685059,p537,False
a56425409300,p537,False
a6603410853,p537,False
a56266132600,p537,False
a56040243400,p538,True
a54978625300,p538,False
a7006799143,p538,False
a56009607700,p539,True
a57200525944,p539,False
a17136347400,p539,False
a57193027820,p540,True
a7409879911,p540,False
a56029648000,p540,False
a57218886189,p541,True
a57192247939,p541,False
a6701777223,p541,False
a8448666000,p541,False
a56315330500,p542,True
a16177635300,p542,False
a16178649400,p542,False
a55130094700,p543,True
a16178649400,p543,False
a55912340300,p544,True
a57201864184,p544,False
a10639679200,p544,False
a16178649400,p544,False
a34874297000,p544,False
a57193356353,p545,True
a56830076500,p545,False
a57200371154,p545,False
a57200363612,p545,False
a57190794386,p546,True
a7006441571,p546,False
a24333330300,p546,False
a12142543700,p546,False
a57118455800,p547,True
a7401431037,p547,False
a56331127200,p548,True
a57197737083,p548,False
a56830076500,p548,False
a57200690449,p549,True
a35597296700,p549,False
a57204031131,p550,True
a57204029674,p550,False
a6602649851,p550,False
a56830076500,p550,False
a57204032253,p550,False
a35269204800,p550,False
a57203433787,p551,True
a8621794000,p551,False
a23569552400,p552,True
a57201393186,p553,True
a57201397713,p553,False
a8621794000,p553,False
a57192697616,p554,True
a8621794000,p554,False
a57201367093,p555,True
a6602649851,p555,False
a48361087900,p556,True
a7003381644,p556,False
a56417117600,p557,True
a57193574682,p557,False
a57212103171,p557,False
a57215366913,p557,False
a57203240784,p557,False
a57215344746,p557,False
a57212104028,p557,False
a6601908155,p557,False
a7003445799,p557,False
a7005636820,p558,True
a57213476529,p558,False
a7006111578,p558,False
a26642910500,p559,True
a57205629789,p560,True
a55812232700,p560,False
a57191156976,p561,True
a8929123100,p561,False
a16313800700,p562,True
a57205285400,p562,False
a57205292526,p562,False
a57164754700,p562,False
a56532087700,p562,False
a57145797800,p563,True
a36944158600,p563,False
a57204896057,p564,True
a55161739600,p564,False
a57204902069,p565,True
a55161739600,p565,False
a23093686000,p566,True
a57195066838,p567,True
a7005513246,p567,False
a7005411524,p567,False
a23093686000,p568,True
a55855376400,p569,True
a56830076500,p569,False
a57203179871,p570,True
a55727966500,p570,False
a8244752200,p570,False
a57188711588,p571,True
a57200118672,p571,False
a57164754700,p571,False
a57200117120,p571,False
a57200118993,p571,False
a57200121629,p571,False
a16313800700,p571,False
a57118455800,p572,True
a18535712500,p572,False
a24295291100,p572,False
a7102879142,p572,False
a7401431037,p572,False
a57193720916,p573,True
a24295291100,p573,False
a57118455800,p573,False
a7401431037,p573,False
a57204692730,p574,True
a7202083837,p574,False
a35147940600,p575,True
a57207688964,p575,False
a57207687563,p575,False
a57200077532,p576,True
a57200077021,p576,False
a57200077390,p576,False
a57207692990,p576,False
a57207687950,p576,False
a35508257500,p576,False
a57207689986,p577,True
a57207688651,p577,False
a57207695326,p577,False
a57207687041,p577,False
a57207686191,p578,True
a57207685496,p578,False
a57207687043,p578,False
a8608718200,p579,True
a56584019300,p579,False
a57209637810,p579,False
a56714263700,p579,False
a56790117900,p580,True
a57211516485,p580,False
a56330970800,p581,True
a57190247942,p581,False
a57197791798,p581,False
a57188833818,p581,False
a6701720294,p581,False
a57211516485,p581,False
a57197791798,p582,True
a57204762755,p582,False
a56830076500,p582,False
a6701720294,p582,False
a57203978933,p583,True
a6701720294,p583,False
a7403218372,p583,False
a57211516485,p583,False
a57197773578,p584,True
a57204761536,p584,False
a7004300863,p584,False
a8421746800,p584,False
a56353116200,p585,True
a7004300863,p585,False
a57197765353,p585,False
a6603717022,p585,False
a57204728159,p586,True
a7403218372,p586,False
a7006441571,p586,False
a57204719691,p587,True
a57204719621,p587,False
a7403218372,p587,False
a57189235340,p588,True
a57197733505,p588,False
a57197728435,p588,False
a7003292762,p588,False
a56584019300,p589,True
a57201366662,p589,False
a57201358872,p589,False
a56714263700,p589,False
a8608718200,p589,False
a57190858572,p590,True
a35508257500,p590,False
a6701646284,p591,True
a16313800700,p591,False
a57205292526,p591,False
a57205285400,p591,False
a57204435650,p591,False
a56532087700,p591,False
a57204415715,p591,False
a35175200200,p592,True
a7005513246,p592,False
a56196521900,p593,True
a55649569259,p593,False
a35597296700,p593,False
a7003663333,p594,True
a55665473200,p594,False
a57193610705,p594,False
a57201357657,p595,True
a6602649851,p595,False
a23027991800,p595,False
a15833172400,p596,True
a8621794000,p596,False
a57201397713,p596,False
a57201357657,p597,True
a6602649851,p597,False
a36618663400,p597,False
a15848771600,p598,True
a57190247942,p598,False
a57197791798,p598,False
a6701720294,p598,False
a57211516485,p598,False
a15848771600,p599,True
a57190247942,p599,False
a57197791798,p599,False
a6701720294,p599,False
a57211516485,p599,False
a57194636792,p600,True
a55916540700,p600,False
a57196484337,p600,False
a7403218372,p600,False
a6701720294,p600,False
a57211516485,p600,False
a57207228951,p601,True
a7004435321,p601,False
a57193727615,p602,True
a7004435321,p602,False
a56149906900,p603,True
a56662711400,p603,False
a56740595400,p603,False
a7402549729,p604,True
a57202088821,p604,False
a56300864300,p605,True
a57190492863,p605,False
a6602649851,p605,False
a18042274300,p605,False
a7403368068,p606,True
a57202916476,p606,False
a7201389702,p606,False
a16245460000,p606,False
a57202920062,p606,False
a57202911672,p606,False
a6602761720,p606,False
a56709364700,p607,True
a56387524600,p607,False
a57201484423,p607,False
a57194155925,p607,False
a57195398251,p607,False
a16422844400,p607,False
a7102975249,p607,False
a56709287700,p608,True
a57202735625,p608,False
a56709364700,p608,False
a55698505100,p608,False
a16422844400,p608,False
a7102975249,p608,False
a57202607598,p609,True
a7003663333,p609,False
a57196353469,p610,True
a38061138100,p610,False
a7003663333,p610,False
a57202585105,p611,True
a24081598300,p611,False
a7003663333,p611,False
a57202572948,p611,False
a7003663333,p612,True
a57193610705,p612,False
a55898266700,p612,False
a55315026400,p613,True
a57202580740,p613,False
a8724084200,p614,True
a7403085570,p614,False
a14621428300,p614,False
a8667231600,p614,False
a24382111400,p614,False
a18535712500,p615,True
a57201634652,p615,False
a57203221999,p615,False
a46062451500,p615,False
a57191952713,p616,True
a8621794000,p616,False
a36682113800,p616,False
a56300864300,p617,True
a6602649851,p617,False
a18042274300,p617,False
a7003498769,p618,True
a7202083837,p618,False
a36987999600,p619,True
a7003868048,p619,False
a7202083837,p619,False
a56036628100,p620,True
a16033650300,p620,False
a36953700600,p620,False
a12761902000,p620,False
a57188755995,p621,True
a56897186700,p621,False
a7005044056,p621,False
a8660143800,p621,False
a56560099200,p622,True
a57202738247,p622,False
a9277159100,p622,False
a15766049500,p623,True
a10141271600,p623,False
a6506328689,p623,False
a55359090100,p623,False
a7202538835,p623,False
a15044701600,p623,False
a56857577200,p624,True
a55359090100,p624,False
a10141271600,p624,False
a6506328689,p624,False
a15044701600,p624,False
a55502104200,p624,False
a6506328689,p625,True
a57203330644,p625,False
a10141271600,p625,False
a55848648600,p625,False
a55359090100,p625,False
a55502104200,p625,False
a15044701600,p625,False
a56256103500,p626,True
a10141271600,p626,False
a6506328689,p626,False
a15766049500,p626,False
a55359090100,p626,False
a7202538835,p626,False
a15044701600,p626,False
a55252859600,p627,True
a8621794000,p627,False
a23012466600,p628,True
a35508257500,p628,False
a35578707100,p628,False
a9277159100,p629,True
a8533888200,p629,False
a57207365951,p629,False
a6603042352,p629,False
a6506484066,p629,False
a56263632000,p630,True
a7004904337,p630,False
a56263145300,p630,False
a7103222266,p630,False
a15069700700,p631,True
a7005531426,p631,False
a57203180502,p631,False
a15843313300,p631,False
a57203186135,p631,False
a57203188461,p631,False
a57203192544,p631,False
a55182745600,p632,True
a7003663333,p632,False
a57195292516,p632,False
a19934211900,p632,False
a6603866674,p632,False
a57202577089,p633,True
a6505761847,p633,False
a36125615300,p633,False
a7003663333,p633,False
a57188833818,p634,True
a16229559200,p634,False
a10639679200,p635,True
a36625254200,p635,False
a34874297000,p635,False
a57201333744,p635,False
a55912340300,p635,False
a35479684000,p635,False
a16178649400,p635,False
a56740595400,p636,True
a56149906900,p636,False
a56328064900,p636,False
a56662711400,p636,False
a57191616632,p637,True
a18535712500,p637,False
a57200884469,p637,False
a7202713087,p637,False
a57191616632,p638,True
a57200884469,p638,False
a18535712500,p638,False
a7202713087,p638,False
a7003381644,p639,True
a57202152391,p639,False
a7003609448,p639,False
a57197521815,p639,False
a57201658993,p639,False
a7004347500,p639,False
a7007155092,p639,False
a55286783200,p639,False
a57120014600,p639,False
a6602913811,p639,False
a55452524500,p639,False
a57212833949,p639,False
a57206024435,p639,False
a6507270351,p639,False
a6602305778,p639,False
a56218368600,p640,True
a55837442300,p640,False
a10141271600,p640,False
a6506328689,p640,False
a7202751866,p640,False
a6506010179,p640,False
a35873737200,p640,False
a26427694400,p641,True
a37113017300,p641,False
a57190256209,p641,False
a16313800700,p641,False
a55919211300,p641,False
a57202785989,p642,True
a56020026900,p642,False
a34874297000,p642,False
a10639679200,p642,False
a16178649400,p642,False
a57202743127,p643,True
a36162907100,p643,False
a57202741808,p643,False
a57007514800,p643,False
a8410729500,p643,False
a16043812000,p643,False
a54782837300,p644,True
a8048702500,p644,False
a7004435321,p644,False
a57207228809,p644,False
a7005521036,p644,False
a36149254500,p645,True
a57191155872,p645,False
a56681156600,p645,False
a6603570606,p645,False
a57203028829,p645,False
a35088650000,p645,False
a7402786794,p645,False
a56244640900,p646,True
a55161739600,p646,False
a57204902241,p646,False
a57204903122,p646,False
a55543519800,p646,False
a56237456900,p646,False
a57200649104,p646,False
a57208645178,p646,False
a56890778700,p647,True
a57207365951,p647,False
a56094587000,p647,False
a9277159100,p647,False
a56890178400,p647,False
a55806548500,p647,False
a56890669600,p647,False
a8533888200,p647,False
a36082483100,p648,True
a57217723923,p649,True
a50262207100,p649,False
a55812232700,p649,False
a6602335448,p649,False
a7006253705,p649,False
a56797372300,p650,True
a57190380741,p650,False
a7102402058,p650,False
a7103248108,p650,False
a42261332500,p650,False
a56397285100,p650,False
a56542307500,p650,False
a34168247900,p651,True
a57194787481,p651,False
a57203298908,p651,False
a56380927900,p651,False
a7006542177,p651,False
a7003381644,p651,False
a35562442700,p651,False
a36082483100,p652,True
a57189026693,p652,False
a36082483100,p653,True
a57189026693,p653,False
a7003663333,p654,True
a57202626673,p654,False
a57202627167,p654,False
a57202627912,p654,False
a57202627263,p654,False
a57202627050,p654,False
a16021781200,p654,False
a36082483100,p655,True
a7004403207,p655,False
a56631537800,p656,True
a56528475200,p656,False
a56182798800,p656,False
a7201529681,p656,False
a55801905300,p656,False
a55801836400,p656,False
a57201111301,p656,False
a57201111988,p656,False
a14620010300,p656,False
a8674222900,p656,False
a12799657800,p656,False
a57003792300,p657,True
a57194205673,p657,False
a24492691800,p657,False
a57201290781,p657,False
a7406665619,p657,False
a55601054600,p657,False
a8208317300,p657,False
a36082483100,p658,True
a57207980336,p658,False
a57207994872,p658,False
a6602512004,p659,True
a35320703200,p659,False
a7402095346,p659,False
a7006106739,p659,False
a7201778289,p659,False
a7201978585,p659,False
a54684688700,p659,False
a57023282300,p659,False
a55598549000,p659,False
a57210198577,p659,False
a7402288130,p659,False
a25958165500,p659,False
a8362122100,p659,False
a6701580763,p659,False
a7203069877,p659,False
a7003915889,p659,False
a55776361200,p660,True
a37664688000,p660,False
a57205556489,p660,False
a8691490200,p660,False
a55628341300,p660,False
a57201125120,p660,False
a47461179000,p660,False
a25930868900,p660,False
a57194639611,p660,False
a8717447000,p660,False
a57194638369,p660,False
a55832864500,p660,False
a6701774874,p660,False
a55910450300,p660,False
a57207550410,p660,False
a6603383055,p660,False
a9741422500,p660,False
a35236206700,p660,False
a7005089148,p660,False
a57202326782,p660,False
a55979578600,p660,False
a7401764127,p660,False
a7404062227,p660,False
a7103269626,p660,False
a7103321645,p660,False
a7005251917,p660,False
a9745660700,p660,False
a6507586174,p660,False
a7103065698,p660,False
a57203234366,p660,False
a7202910012,p660,False
a9236660300,p660,False
a57195976340,p660,False
a54899597300,p660,False
a57201121062,p660,False
a6701851503,p660,False
a7102905437,p660,False
a36044041500,p660,False
a57202194800,p660,False
a8517650500,p660,False
a6701387944,p660,False
a7403220237,p660,False
a57201212051,p661,True
a23060352300,p661,False
a57190402922,p662,True
a36176552000,p662,False
a7006542177,p662,False
a55258864700,p663,True
a7005371369,p663,False
a7006085792,p663,False
a6603410853,p663,False
a55665625900,p663,False
a24335536400,p664,True
a56248593800,p664,False
a48361087900,p665,True
a57196261400,p665,False
a7003381644,p665,False
a40561545600,p666,True
a7006001488,p666,False
a24333330300,p666,False
a7006441571,p666,False
a12142543700,p666,False
a6701752452,p667,True
a57200248178,p667,False
a56148594700,p668,True
a8705255200,p668,False
a6602577617,p668,False
a57207901363,p668,False
a7402967162,p669,True
a57196000820,p669,False
a57195995765,p669,False
a55649569259,p669,False
a35597296700,p669,False
a6507412888,p670,True
a57204229694,p670,False
a7004450337,p670,False
a56244956300,p671,True
a26640997500,p671,False
a55315026400,p671,False
a6604032598,p671,False
a25522430900,p671,False
a7402004420,p672,True
a6602231941,p672,False
a57197730899,p672,False
a7101816438,p672,False
a56810920600,p672,False
a55764744500,p673,True
a6701746882,p673,False
a6603077820,p673,False
a48361087900,p674,True
a7003381644,p674,False
a57217339723,p675,True
a55813139600,p675,False
a57140193000,p676,True
a57197733358,p676,False
a57003496300,p676,False
a35209941000,p676,False
a57190384916,p677,True
a7005253700,p677,False
a7004060735,p677,False
a9942259800,p677,False
a36011148100,p678,True
a56155127800,p678,False
a6506311950,p678,False
a55212512700,p678,False
a57203028829,p678,False
a7402786794,p678,False
a55588035200,p679,True
a6601908155,p679,False
a7003445799,p679,False
a57196086981,p680,True
a55981276700,p680,False
a57190261034,p680,False
a57196097542,p680,False
a57196096093,p680,False
a57196088013,p680,False
a57196086109,p680,False
a57190252027,p680,False
a55456759700,p680,False
a56248593800,p681,True
a55130094700,p682,True
a56315330500,p682,False
a57202280527,p682,False
a57202283319,p682,False
a16178649400,p682,False
a57198318094,p683,True
a35195145200,p683,False
a57196275913,p683,False
a57196277369,p683,False
a57211422454,p683,False
a57192941583,p684,True
a55171433700,p684,False
a23569552400,p684,False
a6603945025,p684,False
a55171433700,p685,True
a55249877500,p685,False
a57200860487,p685,False
a57190228554,p686,True
a7102879142,p686,False
a9277159100,p686,False
a57191256797,p687,True
a55727966500,p687,False
a8244752200,p687,False
a6602572190,p687,False
a56703308500,p688,True
a13605498800,p688,False
a56353116200,p689,True
a7004300863,p689,False
a56716068400,p689,False
a57203230997,p689,False
a57191031931,p690,True
a37098602100,p690,False
a56957771800,p690,False
a56424241200,p690,False
a6701695863,p690,False
a7006631262,p690,False
a56404157200,p690,False
a7003292762,p690,False
a7005836251,p691,True
a57195596864,p692,True
a57195596391,p692,False
a57195598039,p692,False
a57195595627,p692,False
a57195600276,p692,False
a57031187500,p693,True
a57195427378,p693,False
a7006111578,p693,False
a7005636820,p693,False
a57190797086,p694,True
a57193015007,p694,False
a40561545600,p694,False
a57193015157,p694,False
a57193016069,p694,False
a57190794386,p694,False
a24333330300,p694,False
a12142543700,p694,False
a7006001488,p694,False
a7006441571,p694,False
a55859152500,p695,True
a34874038200,p695,False
a56433927200,p695,False
a34873482400,p695,False
a57191822951,p696,True
a57188654880,p696,False
a56830076500,p696,False
a24081319400,p697,True
a57202064143,p698,True
a57193435113,p698,False
a57193430035,p698,False
a7102985794,p698,False
a57192662939,p698,False
a57193433048,p698,False
a57192660307,p698,False
a57193429691,p698,False
a57193431261,p698,False
a7402658393,p698,False
a57194636792,p699,True
a55916540700,p699,False
a7403218372,p699,False
a6701720294,p699,False
a57211516485,p699,False
a56300864300,p700,True
a56830076500,p700,False
a57193356353,p700,False
a57192964074,p700,False
a57193360481,p700,False
a57193362917,p700,False
a6602649851,p700,False
a18042274300,p700,False
a55780846900,p701,True
a57193911152,p701,False
a55674595800,p701,False
a56390719200,p701,False
a7102503611,p701,False
a57190974399,p701,False
a6508339625,p701,False
a57213262958,p701,False
a6506674242,p701,False
a54410814200,p702,True
a56716946800,p702,False
a8231832400,p702,False
a6506645565,p702,False
a14035040300,p702,False
a10040303000,p702,False
a55949256500,p703,True
a56875349800,p703,False
a36106810300,p703,False
a56875089300,p703,False
a57198431633,p703,False
a57198450286,p703,False
a57198443855,p703,False
a57198451372,p703,False
a54911216200,p703,False
a57195332895,p703,False
a14822519000,p703,False
a7101816438,p704,True
a6602231941,p704,False
a55212512700,p705,True
a56681156600,p705,False
a56315352000,p705,False
a56680505500,p705,False
a57203028829,p705,False
a56492379200,p706,True
a57195398251,p706,False
a56709476900,p706,False
a56387524600,p706,False
a16422844400,p706,False
a7102975249,p706,False
a14033673100,p707,True
a57197795830,p707,False
a57192307368,p707,False
a57197800472,p707,False
a57197797367,p707,False
a57217482839,p707,False
a55949256500,p708,True
a36106810300,p708,False
a56453304300,p708,False
a57194875876,p708,False
a7005666650,p708,False
a14822519000,p708,False
a57191108291,p709,True
a57207901363,p709,False
a6507391043,p709,False
a35186389400,p710,True
a7406552522,p710,False
a7006715937,p710,False
a57192595504,p710,False
a7101643443,p710,False
a55511230900,p710,False
a7003381644,p710,False
a7202083837,p711,True
a24465414600,p711,False
a26644144000,p711,False
a55547115089,p711,False
a7202083837,p712,True
a55547115089,p712,False
a24465414600,p712,False
a26644144000,p712,False
a55710750200,p712,False
a57193564939,p713,True
a54399816500,p713,False
a55726346900,p713,False
a55585953300,p713,False
a24295291100,p713,False
a8935514400,p713,False
a56762988100,p713,False
a7401969039,p713,False
a7006214218,p714,True
a57194392244,p714,False
a9845705900,p714,False
a7004929818,p714,False
a57194379165,p714,False
a57207901363,p714,False
a6603325558,p714,False
a56300864300,p715,True
a56830076500,p715,False
a35269204800,p715,False
a6603040755,p715,False
a57192964074,p715,False
a57192955909,p715,False
a57192959498,p715,False
a57192961253,p715,False
a57197710678,p716,True
a35562442700,p716,False
a57188688103,p717,True
a57188691775,p717,False
a36349287300,p717,False
a57195420301,p718,True
a7401970125,p718,False
a36349287300,p718,False
a57195420301,p719,True
a7401970125,p719,False
a36349287300,p719,False
a57195596864,p720,True
a57195596391,p720,False
a57195598039,p720,False
a57195595627,p720,False
a57195600276,p720,False
a56957771800,p721,True
a57204469757,p721,False
a7103395611,p721,False
a24831334500,p721,False
a25639041400,p721,False
a7003292762,p721,False
a7103395611,p722,True
a18038642000,p722,False
a57208709468,p722,False
a57208710317,p722,False
a57208709846,p722,False
a57170532300,p722,False
a57208702517,p722,False
a57208707588,p722,False
a57208707585,p722,False
a6508147112,p722,False
a57208706948,p722,False
a57204469757,p722,False
a7003292762,p722,False
a57021948900,p723,True
a56830076500,p723,False
a56371366400,724,True
a55078951500,724,False
a57202818911,724,False
a57215280005,724,False
a6602958570,724,False
a7102523474,724,False
a57214010282,725,True
a57189351639,725,False
a57194697486,725,False
a57194698845,725,False
a7007046711,725,False
a6701610428,725,False
a7410190129,725,False
a57194141209,726,True
a55171433700,726,False
a23569552400,726,False
a57202818911,727,True
a56371366400,727,False
a55376424100,727,False
a55078951500,727,False
a6602958570,727,False
a7006440923,727,False
a14057706900,727,False
a7102523474,727,False
a56371366400,728,True
a57202818911,728,False
a55376424100,728,False
a55078951500,728,False
a6602958570,728,False
a7006440923,728,False
a14057706900,728,False
a7102523474,728,False
a57195317234,729,True
a16178649400,729,False
a7102534973,730,True
a26427435500,730,False
a36602439100,730,False
a6701755273,731,True
a55171433700,732,True
a23569552400,732,False
a57195962821,733,True
a6507659000,733,False
a35262249500,734,True
a57193603847,734,False
a57195962037,734,False
a57195964820,734,False
a57195961036,734,False
a57195964763,734,False
a57195961251,734,False
a35262249500,735,True
a57193603847,735,False
a7006372151,736,True
a57203028829,736,False
a23569552400,737,True
a55672496100,737,False
a35413539100,737,False
a13607032600,738,True
a6507028828,738,False
a57190806425,738,False
a36536647200,738,False
a26427435500,738,False
a57198919773,739,True
a54787829800,739,False
a7003663333,739,False
a56681156600,740,True
a55511230900,740,False
a56680505500,740,False
a56315352000,740,False
a55212512700,740,False
a57191156976,740,False
a7003381644,740,False
a57203028829,740,False
a56672834700,741,True
a56830076500,741,False
a6603625990,741,False
a57193008289,742,True
a7005836251,742,False
a35209941000,742,False
a7004300863,743,True
a55858031100,743,False
a57192816311,743,False
a55550262000,744,True
a36167063600,744,False
a55550264900,744,False
a7006420570,744,False
a57192156100,745,True
a9942259800,745,False
a36675881600,745,False
a55911870000,745,False
a35366248300,745,False
a18535712500,746,True
a57200884469,746,False
a57193845336,746,False
a57203221999,746,False
a57193533805,746,False
a23983490300,746,False
a55855376400,747,True
a56830076500,747,False
a57203486012,748,True
a55359526600,748,False
a26323686000,748,False
a12142543700,748,False
a8705255200,748,False
a7006583274,748,False
a56492379200,749,True
a57194162490,749,False
a56709287700,749,False
a57194158491,749,False
a57194155925,749,False
a16422844400,749,False
a7102975249,749,False
a35182844400,750,True
a57217654846,750,False
a57192893058,750,False
a56492379200,750,False
a56709364700,750,False
a55544941800,750,False
a7202812767,750,False
a6603907334,750,False
a7402407628,750,False
a7102975249,750,False
a16422844400,750,False
a7103123753,750,False
a55945072200,751,True
a55944583700,751,False
a7102857304,751,False
a56755464700,752,True
a35099253600,752,False
a7005523706,752,False
a57031532600,752,False
a8448666000,753,True
a6701777223,753,False
a57218886193,753,False
a23003484200,754,True
a18535712500,754,False
a26321508500,754,False
a7003587356,754,False
a56364369100,755,True
a57202367046,755,False
a57193409777,755,False
a57193401477,755,False
a56896749800,755,False
a55877167500,755,False
a56247393100,755,False
a7404963860,755,False
a37105487900,755,False
a7403361614,755,False
a52663627000,755,False
a14321763900,755,False
a57191587072,756,True
a24295291100,756,False
a12142543700,756,False
a7003587356,756,False
a57195340095,756,False
a7004495126,756,False
a12778890800,756,False
a57194047397,757,True
a57193099661,757,False
a57208823236,757,False
a57194047820,757,False
a57213462935,757,False
a35587077000,757,False
a57212277009,757,False
a57194047397,758,True
a55938156500,758,False
a57193099661,758,False
a57194061052,758,False
a57208823236,758,False
a57213462935,758,False
a57194047820,758,False
a56080900100,758,False
a57196655805,758,False
a35587077000,758,False
a57212277009,758,False
a15831070600,759,True
a35615891900,759,False
a56331127200,759,False
a12646129300,760,True
a55812232700,760,False
a36933855300,760,False
a7006253705,760,False
a55812858700,760,False
a57203178543,760,False
a57192307368,761,True
a14033673100,761,False
a15848771600,762,True
a56677251600,762,False
a6701720294,762,False
a57211516485,762,False
a7403131979,763,True
a7103186661,763,False
a7202711709,763,False
a39862017300,763,False
a56330168500,764,True
a57194015684,764,False
a9942259800,764,False
a57194006378,764,False
a35316779800,764,False
a6508342170,764,False
a35175200200,765,True
a7005513246,765,False
a57189227384,766,True
a19639917400,766,False
a57189219942,766,False
a7005513246,766,False
a57193266780,767,True
a35508257500,767,False
a9277159100,768,True
a56941526100,768,False
a56710953300,769,True
a26642910500,769,False
a7005883030,769,False
a36459611200,770,True
a7402074463,770,False
a55194109800,771,True
a7004834766,771,False
a8660143800,771,False
a57192106462,772,True
a57193564939,772,False
a54399816500,772,False
a56012868500,772,False
a55726346900,772,False
a24295291100,772,False
a8935514400,772,False
a57190189579,773,True
a56755464700,773,False
a57031532600,773,False
a7005523706,773,False
a8372868700,773,False
a55946345200,773,False
a55574195279,774,True
a56608873500,774,False
a56608333500,774,False
a7004980415,774,False
a8048702500,775,True
a7004435321,775,False
a6506269903,775,False
a23134948300,775,False
a7004615647,775,False
a14822519000,776,True
a36106810300,776,False
a23973526000,776,False
a56369566500,776,False
a57193265581,776,False
a24921842300,777,True
a55034648400,777,False
a8448666000,777,False
a25222495900,777,False
a6601987763,777,False
a7004441442,777,False
a57118455800,778,True
a7401431037,778,False
a48361087900,779,True
a7003381644,779,False
a57190000029,780,True
a55953141600,780,False
a51461758000,781,True
a56825569600,781,False
a35562442700,781,False
a57145797800,782,True
a7005903021,782,False
a36944158600,782,False
a56556056000,783,True
a26642910500,783,False
a12808778700,783,False
a36240601900,784,True
a57189030360,784,False
a16027856900,784,False
a7003381644,784,False
a24177939700,785,True
a35213554500,785,False
a23012861700,785,False
a55444802600,785,False
a7004450337,785,False
a56709476900,786,True
a56709364700,786,False
a55326050200,786,False
a56492379200,786,False
a57002749600,786,False
a7102975249,786,False
a16422844400,786,False
a57212184217,787,True
a56709364700,787,False
a7102975249,787,False
a16422844400,787,False
a57189292901,788,True
a7006542177,788,False
a36137344800,789,True
a7102857304,789,False
a55486520500,790,True
a6602649851,790,False
a56950317400,791,True
a15521557600,791,False
a57203836305,792,True
a55813139600,792,False
a57209397116,793,True
a57193574682,793,False
a55588035200,793,False
a57212103171,793,False
a57212209717,793,False
a57203240784,793,False
a57191997521,793,False
a57203247682,793,False
a6601908155,793,False
a7003445799,793,False
a56824897200,794,True
a35562442700,794,False
a57200659857,795,True
a57187178400,796,True
a55161739600,797,True
a57200641848,797,False
a57117361200,798,True
a55161739600,798,False
a57192010162,799,True
a55161739600,799,False
a57214281810,800,True
a35508257500,800,False
a55944583700,801,True
a55945072200,801,False
a56896919700,801,False
a55945088000,801,False
a7102857304,801,False
a57202648414,802,True
a57192643299,802,False
a57200206301,802,False
a7102857304,802,False
a57188753800,803,True
a57202642302,803,False
a7102857304,803,False
a57188755995,804,True
a7102857304,804,False
a8660143800,804,False
a55235047300,805,True
a57191474405,805,False
a57191477766,805,False
a57205589719,805,False
a8725937600,805,False
a7005654753,805,False
a56701050600,805,False
a56514586700,805,False
a57202088821,806,True
a7402549729,806,False
a7202083837,807,True
a57126129700,807,False
a57125618000,807,False
a56680952700,808,True
a57192643299,809,True
a57195419580,809,False
a57200206301,809,False
a7102857304,809,False
a57200206301,810,True
a57192643299,810,False
a57195419580,810,False
a57200206650,810,False
a57200203866,810,False
a7102857304,810,False
a57200201882,811,True
a7202518970,811,False
a57195419580,812,True
a57200201106,812,False
a57200819002,812,False
a57192643299,812,False
a57200206301,812,False
a7102857304,812,False
a57200205435,813,True
a7202518970,813,False
a57200201511,814,True
a7202518970,814,False
a57197791798,815,True
a6701720294,815,False
a57211516485,815,False
a57189243866,816,True
a56330970800,816,False
a6701720294,816,False
a56790117900,817,True
a57190247942,817,False
a57211516485,817,False
a57197773578,818,True
a7004300863,818,False
a57192943554,819,True
a57197765649,819,False
a7004300863,819,False
a8421746800,819,False
a57195290099,820,True
a7202518970,820,False
a57193749678,821,True
a6701863708,821,False
a55457444300,821,False
a55764401200,822,True
a55457444300,822,False
a6701863708,822,False
a8608718200,822,False
a57191918589,823,True
a57191921086,823,False
a57191923986,823,False
a7003292762,823,False
a57189235340,824,True
a7003292762,824,False
a56463982900,825,True
a55457444300,825,False
a6701863708,825,False
a7006120837,826,True
a7004848095,826,False
a57196471974,826,False
a57196475822,826,False
a57196468765,826,False
a57192318731,826,False
a35562442700,827,True
a55660173800,828,True
a57193903292,828,False
a6701876192,828,False
a57193902758,828,False
a57193895552,828,False
a57193900229,828,False
a7003381644,828,False
a57208928114,829,True
a55727966500,829,False
a8244752200,829,False
a55354928800,830,True
a24402340500,830,False
a7410171017,831,True
a57195720669,831,False
a57195718233,832,True
a34868658300,832,False
a7410171017,832,False
a57190859038,833,True
a6602649851,833,False
a23027991800,833,False
a57189375802,834,True
a57203222139,834,False
a56156055700,834,False
a9277159100,834,False
a57200576069,835,True
a10540655600,835,False
a36924577900,835,False
a55541477400,835,False
a7103248108,835,False
a57191952713,836,True
a57188658434,836,False
a8621794000,836,False
a56245452300,836,False
a36682113800,836,False
a35310092900,836,False
a57194787481,837,True
a7006542177,837,False
a35562442700,837,False
a34168247900,837,False
a55315026400,838,True
a55665473200,838,False
a56559677100,838,False
a57194576753,838,False
a57194162490,839,True
a56492379200,839,False
a56709287700,839,False
a57194155925,839,False
a57194158491,839,False
a16422844400,839,False
a7102975249,839,False
a55326050200,840,True
a56709364700,840,False
a55326143600,840,False
a55247719300,840,False
a7102975249,840,False
a16422844400,840,False
a57212184217,841,True
a57213582934,841,False
a56709364700,841,False
a7102975249,841,False
a16422844400,841,False
a7201793184,842,True
a7406665619,842,False
a24824356000,842,False
a56559765400,843,True
a7003663333,843,False
a23009691800,843,False
a57191416025,844,True
a57192545746,844,False
a57192573362,844,False
a51461952600,844,False
a9277159100,844,False
a6701925700,845,True
a56299790500,845,False
a7003959730,845,False
a57201704300,846,True
a57171695300,846,False
a7101671848,846,False
a7202083837,847,True
a56680952700,847,False
a7003498769,847,False
a36987999600,848,True
a7003868048,848,False
a7202083837,848,False
a57188755995,849,True
a57200204063,849,False
a7005044056,849,False
a8660143800,849,False
a56559548600,850,True
a7102857304,850,False
a57200200833,851,True
a57200207993,851,False
a7202035366,851,False
a7102857304,851,False
a56748981000,852,True
a6701720294,852,False
a57211516485,852,False
a8922674200,853,True
a56577146500,853,False
a57188764210,853,False
a6701720294,853,False
a57211516485,853,False
a15848771600,854,True
a56677251600,854,False
a6701720294,854,False
a57211516485,854,False
a57190247942,855,True
a15848771600,855,False
a6701720294,855,False
a57211516485,855,False
a15848771600,856,True
a57211516485,856,False
a55632390400,857,True
a35489877400,857,False
a57203030537,857,False
a57193322440,858,True
a56800225200,858,False
a23388379100,858,False
a8608718200,858,False
a57023931200,859,True
a6602776615,859,False
a24830555500,859,False
a56941526100,859,False
a9277159100,859,False
a55326050200,860,True
a57217654846,860,False
a37052385600,860,False
a7102975249,860,False
a16422844400,860,False
a56256103500,861,True
a10141271600,861,False
a6506328689,861,False
a55848648600,861,False
a55359090100,861,False
a13410345300,861,False
a55502104200,861,False
a15044701600,861,False
a6506328689,862,True
a57194859276,862,False
a10141271600,862,False
a56218368600,862,False
a55837442300,862,False
a7202751866,862,False
a35873737200,862,False
a55693760600,863,True
a10141271600,863,False
a6506328689,863,False
a55359090100,863,False
a15044701600,863,False
a10141271600,864,True
a56218368600,864,False
a55837442300,864,False
a6506328689,864,False
a57194853790,864,False
a35873737200,864,False
a7202751866,864,False
a6506010179,864,False
a55359090100,865,True
a56857577200,865,False
a10141271600,865,False
a6506328689,865,False
a15044701600,865,False
a35578275000,865,False
a26658095100,866,True
a56362659400,866,False
a57193867023,866,False
a6506736843,866,False
a8660143800,866,False
a56913378600,867,True
a56086163900,867,False
a57191407630,867,False
a7006441571,867,False
a7403218372,867,False
a57201909948,868,True
a35344727500,868,False
a35408719100,868,False
a55807632000,868,False
a7005513246,868,False
a7003663333,869,True
a57194116428,869,False
a55932655400,869,False
a6701753933,870,True
a55722439300,870,False
a9942259800,870,False
a56559548600,871,True
a7102857304,871,False
a6507743831,872,True
a57200884469,872,False
a18535712500,872,False
a8624941100,872,False
a57191616632,873,True
a57200884469,873,False
a18535712500,873,False
a7202713087,873,False
a57197765353,874,True
a7004300863,874,False
a35994294500,874,False
a24758929200,874,False
a57202394793,875,True
a56587519900,875,False
a12797217700,876,True
a6602247507,876,False
a7403218372,876,False
a25628175700,876,False
a6602191934,877,True
a57193878725,877,False
a7004507225,877,False
a7201511283,877,False
a26427694400,878,True
a37113017300,878,False
a57190256209,878,False
a16313800700,878,False
a55919211300,878,False
a55315026400,879,True
a57209165874,879,False
a7202842875,879,False
a57193807582,879,False
a57194008450,879,False
a9277159100,879,False
a57193811936,879,False
a26538762200,880,True
a7003702751,880,False
a16178649400,880,False
a9636293200,880,False
a57192710054,881,True
a6701720294,881,False
a57211516485,881,False
a57202040530,881,False
a23006267900,881,False
a7004002400,882,True
a7202361029,882,False
a7007170899,882,False
a7005725911,882,False
a55812232700,883,True
a56024800300,883,False
a7006253705,883,False
a57203269936,883,False
a57191587072,884,True
a57191570988,884,False
a24295291100,884,False
a12142543700,884,False
a7003587356,884,False
a57195340095,884,False
a7004495126,884,False
a12778890800,884,False
a18535712500,885,True
a7402648240,885,False
a35380198000,885,False
a57200884469,885,False
a57200723881,885,False
a7202083837,886,True
a57126129700,886,False
a57125618000,886,False
a57192908187,886,False
a7003868048,886,False
a36987999600,886,False
a6603263001,886,False
a26325009000,886,False
a7003498769,886,False
a55710750200,886,False
a57200884469,887,True
a18535712500,887,False
a57203221999,887,False
a57193533805,887,False
a23983490300,887,False
a57200730646,887,False
a56316070300,888,True
a37057761700,888,False
a35792700800,888,False
a16053936800,888,False
a16178649400,888,False
a56830082600,888,False
a7201389702,889,True
a7401698226,889,False
a8702836000,889,False
a7005306331,889,False
a7102554886,889,False
a35854537900,889,False
