idK,idP
k0,p0
k1,p0
k2,p0
k3,p0
k4,p0
k5,p0
k6,p3
k7,p3
k8,p4
k9,p4
k10,p4
k11,p4
k12,p5
k13,p5
k14,p5
k15,p5
k16,p5
k17,p5
k18,p6
k19,p6
k20,p6
k21,p6
k22,p6
k23,p7
k24,p7
k25,p7
k26,p7
k27,p7
k28,p7
k29,p7
k30,p8
k31,p8
k32,p8
k33,p8
k34,p8
k35,p9
k36,p9
k37,p9
k38,p9
k39,p9
k40,p10
k41,p10
k42,p10
k43,p10
k44,p10
k45,p11
k46,p11
k47,p11
k48,p11
k49,p11
k50,p12
k51,p12
k52,p12
k53,p13
k54,p13
k55,p13
k56,p14
k57,p14
k58,p14
k59,p14
k60,p14
k61,p14
k62,p16
k63,p16
k64,p16
k65,p16
k66,p16
k67,p17
k68,p17
k69,p17
k70,p17
k71,p17
k72,p18
k73,p18
k74,p18
k75,p20
k76,p20
k77,p20
k78,p20
k79,p20
k80,p20
k81,p21
k82,p21
k83,p21
k84,p21
k85,p21
k86,p21
k87,p22
k88,p22
k89,p22
k90,p22
k91,p23
k92,p23
k93,p23
k94,p24
k95,p24
k96,p24
k97,p24
k98,p24
k99,p24
k100,p24
k101,p25
k102,p25
k103,p25
k104,p25
k105,p25
k106,p25
k107,p26
k108,p26
k109,p26
k110,p26
k111,p27
k112,p27
k113,p27
k114,p27
k115,p27
k116,p29
k117,p29
k118,p29
k119,p29
k120,p29
k121,p30
k122,p30
k123,p30
k104,p30
k124,p30
k125,p30
k126,p31
k127,p31
k128,p31
k129,p31
k130,p31
k131,p31
k132,p31
k133,p31
k134,p31
k135,p31
k136,p33
k137,p33
k138,p33
k139,p33
k140,p35
k141,p35
k142,p35
k143,p35
k144,p37
k145,p37
k146,p37
k147,p37
k148,p37
k149,p37
k150,p38
k151,p38
k152,p38
k153,p38
k154,p38
k155,p40
k156,p40
k157,p40
k158,p40
k159,p40
k160,p40
k161,p41
k162,p41
k163,p41
k164,p41
k165,p41
k166,p41
k167,p42
k168,p42
k169,p42
k170,p43
k171,p43
k116,p46
k117,p46
k118,p46
k119,p46
k172,p48
k173,p48
k174,p48
k175,p48
k176,p49
k177,p49
k178,p49
k179,p49
k180,p49
k181,p49
k182,p50
k183,p50
k184,p50
k185,p50
k186,p51
k187,p51
k188,p51
k189,p51
k190,p51
k191,p51
k192,p52
k193,p52
k57,p52
k194,p52
k195,p52
k196,p52
k197,p53
k198,p53
k199,p53
k200,p53
k201,p53
k202,p54
k203,p54
k204,p54
k205,p54
k206,p57
k207,p57
k208,p57
k38,p57
k209,p57
k210,p57
k116,p59
k117,p59
k211,p59
k119,p59
k212,p60
k213,p60
k214,p60
k215,p60
k216,p61
k217,p61
k218,p61
k219,p61
k143,p61
k220,p62
k221,p62
k222,p62
k223,p62
k224,p62
k225,p62
k226,p62
k227,p62
k228,p62
k229,p66
k230,p66
k231,p66
k232,p66
k233,p66
k234,p67
k235,p67
k236,p67
k237,p67
k238,p68
k239,p68
k240,p68
k241,p68
k242,p68
k243,p69
k244,p69
k245,p69
k246,p69
k247,p69
k248,p69
k249,p69
k250,p70
k251,p70
k252,p70
k253,p70
k254,p70
k255,p70
k256,p71
k257,p71
k258,p71
k259,p71
k260,p71
k261,p71
k262,p72
k263,p72
k264,p72
k265,p73
k266,p73
k267,p73
k268,p73
k161,p74
k269,p74
k270,p74
k271,p74
k272,p74
k273,p74
k274,p74
k275,p74
k276,p75
k277,p75
k278,p75
k279,p75
k280,p76
k281,p76
k78,p76
k282,p76
k283,p77
k284,p77
k285,p77
k286,p77
k287,p77
k288,p77
k289,p78
k290,p78
k291,p78
k292,p78
k293,p78
k294,p79
k295,p79
k296,p79
k297,p79
k298,p79
k299,p81
k300,p81
k301,p81
k302,p81
k303,p81
k304,p82
k75,p82
k93,p82
k305,p82
k306,p82
k307,p83
k308,p83
k309,p83
k310,p83
k254,p83
k311,p84
k312,p84
k313,p84
k314,p84
k315,p84
k316,p84
k150,p85
k317,p85
k318,p85
k319,p85
k320,p85
k321,p85
k322,p86
k323,p86
k324,p86
k325,p86
k326,p88
k327,p88
k328,p88
k329,p88
k330,p88
k331,p89
k332,p89
k333,p89
k334,p89
k335,p89
k336,p91
k337,p91
k338,p91
k339,p91
k340,p92
k341,p92
k342,p92
k343,p92
k344,p92
k345,p92
k346,p92
k347,p95
k348,p95
k349,p95
k350,p95
k351,p95
k352,p96
k353,p96
k354,p96
k355,p96
k355,p96
k356,p96
k357,p96
k358,p96
k359,p96
k360,p96
k361,p97
k362,p97
k363,p97
k364,p97
k365,p97
k366,p97
k367,p97
k368,p98
k369,p98
k370,p98
k371,p98
k372,p98
k373,p99
k374,p99
k375,p99
k376,p100
k377,p100
k378,p100
k379,p100
k380,p101
k381,p101
k382,p101
k383,p101
k384,p102
k385,p102
k386,p102
k387,p102
k388,p102
k389,p103
k63,p103
k64,p103
k390,p103
k391,p108
k392,p108
k393,p108
k394,p108
k395,p108
k396,p108
k397,p109
k398,p109
k393,p109
k399,p109
k400,p109
k401,p109
k402,p111
k403,p111
k404,p111
k405,p111
k406,p111
k407,p111
k408,p112
k409,p112
k410,p112
k411,p112
k412,p112
k413,p112
k414,p112
k415,p112
k416,p113
k417,p113
k418,p113
k411,p113
k412,p113
k419,p114
k420,p114
k421,p114
k422,p114
k423,p115
k424,p115
k425,p115
k426,p115
k427,p116
k428,p116
k429,p116
k430,p116
k431,p116
k432,p119
k433,p119
k434,p119
k435,p119
k436,p119
k437,p119
k438,p120
k439,p120
k440,p122
k441,p122
k442,p122
k443,p122
k444,p122
k445,p123
k413,p123
k446,p123
k447,p123
k448,p126
k449,p126
k450,p126
k451,p126
k452,p126
k453,p127
k454,p127
k455,p127
k456,p127
k457,p127
k458,p128
k459,p128
k460,p128
k461,p128
k462,p128
k463,p128
k464,p128
k465,p128
k466,p128
k467,p128
k468,p128
k469,p128
k470,p129
k471,p129
k472,p129
k473,p129
k474,p129
k475,p129
k476,p132
k477,p132
k478,p132
k479,p132
k480,p132
k481,p135
k482,p135
k483,p135
k484,p135
k485,p135
k486,p135
k487,p135
k488,p136
k138,p136
k489,p136
k490,p136
k491,p139
k492,p139
k493,p139
k494,p140
k495,p140
k496,p140
k497,p140
k498,p141
k499,p141
k58,p141
k500,p141
k501,p141
k502,p141
k503,p142
k504,p142
k505,p142
k506,p142
k507,p144
k508,p144
k509,p144
k510,p144
k511,p144
k512,p144
k513,p145
k514,p145
k515,p145
k516,p145
k517,p145
k518,p146
k519,p146
k520,p146
k521,p146
k522,p146
k523,p146
k524,p149
k525,p149
k257,p149
k526,p149
k527,p149
k261,p149
k528,p151
k529,p151
k530,p151
k531,p152
k532,p152
k533,p152
k534,p152
k535,p152
k536,p153
k537,p153
k538,p153
k539,p153
k540,p153
k541,p154
k542,p154
k543,p154
k544,p154
k545,p159
k546,p159
k547,p159
k153,p159
k154,p159
k30,p160
k548,p160
k549,p160
k34,p160
k550,p161
k551,p161
k552,p161
k553,p162
k277,p162
k554,p162
k555,p162
k556,p163
k557,p163
k558,p163
k559,p163
k560,p164
k561,p164
k562,p164
k563,p164
k564,p164
k565,p164
k170,p165
k566,p165
k567,p165
k568,p165
k569,p165
k570,p165
k571,p166
k572,p166
k573,p166
k574,p166
k575,p166
k576,p169
k577,p169
k578,p169
k300,p169
k301,p169
k302,p169
k579,p170
k580,p170
k581,p170
k582,p170
k583,p170
k584,p173
k585,p173
k586,p173
k587,p173
k588,p173
k589,p173
k590,p174
k591,p174
k592,p174
k593,p175
k594,p175
k595,p175
k596,p175
k597,p176
k598,p176
k599,p176
k593,p177
k594,p177
k595,p177
k600,p177
k601,p178
k602,p178
k603,p178
k604,p178
k605,p178
k606,p180
k607,p180
k608,p180
k609,p180
k610,p180
k611,p181
k612,p181
k613,p181
k614,p181
k615,p181
k616,p182
k617,p182
k618,p182
k619,p182
k620,p182
k407,p182
k262,p184
k621,p184
k622,p184
k623,p184
k624,p184
k556,p185
k557,p185
k558,p185
k559,p185
k625,p186
k626,p186
k627,p186
k628,p187
k629,p187
k630,p187
k631,p187
k632,p187
k18,p188
k633,p188
k20,p188
k634,p188
k635,p189
k636,p189
k637,p189
k638,p189
k639,p189
k640,p194
k641,p194
k642,p194
k643,p194
k644,p194
k645,p194
k409,p196
k646,p196
k263,p196
k411,p196
k219,p196
k647,p196
k648,p196
k649,p196
k650,p196
k651,p197
k652,p197
k653,p197
k654,p197
k655,p199
k656,p199
k657,p199
k658,p199
k659,p199
k660,p199
k661,p200
k662,p200
k663,p200
k664,p200
k665,p200
k666,p201
k667,p201
k668,p201
k538,p201
k669,p202
k670,p202
k323,p202
k671,p202
k672,p203
k673,p203
k674,p203
k167,p203
k675,p203
k676,p204
k677,p204
k678,p204
k679,p204
k680,p204
k681,p204
k682,p204
k58,p207
k683,p207
k684,p207
k502,p207
k685,p208
k92,p208
k686,p208
k687,p210
k688,p210
k689,p210
k690,p210
k691,p210
k692,p210
k693,p212
k694,p212
k695,p212
k696,p212
k697,p212
k698,p212
k699,p217
k700,p217
k701,p217
k702,p217
k703,p217
k263,p217
k704,p218
k705,p218
k706,p218
k707,p218
k708,p219
k709,p219
k664,p219
k710,p219
k706,p219
k711,p219
k712,p219
k713,p220
k714,p220
k715,p220
k716,p220
k717,p222
k718,p222
k719,p222
k720,p222
k721,p223
k722,p223
k723,p223
k724,p223
k725,p223
k726,p223
k727,p224
k728,p224
k729,p224
k730,p224
k731,p225
k732,p225
k733,p225
k734,p225
k735,p225
k161,p226
k269,p226
k736,p226
k272,p226
k275,p226
k737,p227
k92,p227
k738,p227
k739,p227
k740,p228
k741,p228
k742,p228
k558,p228
k743,p228
k744,p229
k566,p229
k745,p229
k570,p229
k746,p229
k747,p229
k748,p229
k749,p230
k750,p230
k751,p230
k752,p230
k753,p230
k754,p231
k755,p231
k756,p231
k757,p231
k758,p231
k759,p231
k760,p233
k761,p233
k762,p233
k763,p233
k261,p233
k764,p234
k765,p234
k766,p234
k767,p234
k768,p234
k769,p236
k770,p236
k771,p236
k772,p236
k773,p236
k774,p237
k775,p237
k442,p237
k776,p237
k277,p238
k777,p238
k778,p238
k779,p238
k780,p240
k781,p240
k782,p240
k783,p241
k784,p241
k785,p241
k786,p241
k787,p241
k788,p242
k789,p242
k790,p242
k791,p242
k792,p242
k793,p242
k794,p242
k795,p242
k92,p243
k796,p243
k797,p243
k798,p243
k799,p243
k800,p244
k801,p244
k802,p244
k803,p244
k804,p244
k805,p244
k806,p247
k807,p247
k808,p247
k809,p247
k810,p249
k547,p249
k811,p249
k812,p249
k813,p250
k814,p250
k815,p250
k816,p250
k817,p250
k818,p250
k308,p252
k819,p252
k820,p252
k821,p252
k822,p253
k823,p253
k506,p253
k824,p253
k825,p254
k51,p254
k826,p254
k827,p255
k828,p255
k829,p255
k830,p255
k831,p255
k832,p255
k833,p255
k834,p255
k161,p257
k835,p258
k836,p258
k63,p258
k64,p258
k837,p259
k838,p259
k839,p259
k840,p259
k841,p261
k842,p261
k843,p261
k844,p261
k845,p262
k846,p262
k847,p262
k848,p262
k849,p262
k850,p264
k851,p264
k852,p264
k853,p264
k854,p264
k855,p264
k420,p265
k421,p265
k422,p265
k856,p265
k857,p266
k858,p266
k859,p266
k860,p266
k861,p266
k862,p269
k863,p269
k864,p269
k865,p269
k866,p269
k513,p270
k383,p270
k867,p270
k104,p270
k868,p270
k869,p270
k870,p270
k871,p270
k323,p271
k872,p271
k299,p271
k873,p271
k874,p271
k875,p273
k876,p273
k877,p273
k878,p274
k879,p274
k880,p274
k881,p274
k882,p275
k883,p275
k884,p275
k885,p275
k886,p276
k887,p276
k839,p276
k888,p276
k437,p276
k889,p277
k890,p277
k595,p277
k891,p277
k892,p278
k893,p278
k894,p278
k393,p278
k895,p278
k896,p281
k897,p281
k395,p281
k898,p282
k899,p282
k448,p282
k900,p282
k901,p282
k902,p282
k903,p282
k904,p282
k905,p284
k906,p284
k907,p284
k908,p284
k909,p284
k310,p284
k910,p285
k911,p285
k912,p285
k913,p285
k914,p285
k915,p285
k916,p285
k917,p285
k918,p285
k919,p285
k920,p285
k921,p285
k922,p285
k923,p285
k924,p285
k925,p285
k926,p285
k927,p285
k928,p291
k929,p291
k393,p291
k930,p291
k931,p291
k932,p292
k933,p292
k934,p292
k935,p292
k936,p292
k937,p293
k938,p293
k939,p293
k940,p293
k941,p293
k942,p294
k943,p294
k944,p294
k945,p294
k211,p294
k946,p297
k947,p297
k948,p297
k949,p297
k950,p297
k951,p298
k952,p298
k953,p298
k954,p299
k955,p299
k15,p299
k956,p299
k957,p299
k958,p302
k959,p302
k960,p302
k961,p307
k962,p307
k963,p307
k697,p307
k964,p317
k965,p317
k966,p317
k967,p325
k968,p325
k641,p325
k642,p325
k969,p325
k970,p325
k971,p325
k308,p326
k972,p326
k254,p326
k973,p328
k974,p328
k975,p328
k976,p328
k977,p329
k978,p329
k979,p329
k48,p329
k980,p331
k981,p331
k982,p331
k983,p331
k984,p331
k985,p331
k986,p331
k987,p331
k206,p332
k988,p332
k989,p332
k990,p332
k991,p336
k992,p336
k993,p336
k994,p338
k995,p338
k996,p338
k997,p339
k998,p339
k999,p339
k1000,p339
k1001,p339
k1002,p341
k1003,p341
k1004,p341
k104,p341
k106,p341
k1005,p343
k1006,p343
k1007,p343
k1008,p350
k586,p350
k589,p350
k1009,p350
k1010,p350
k1011,p353
k1012,p353
k1013,p353
k1014,p353
k1015,p353
k1016,p354
k1017,p354
k1018,p354
k1019,p355
k1020,p355
k1021,p355
k1022,p356
k1023,p356
k1024,p356
k1025,p356
k1026,p356
k1027,p356
k1028,p357
k819,p357
k1029,p357
k1030,p357
k1031,p358
k1032,p358
k1033,p359
k1034,p359
k1035,p359
k1036,p360
k1037,p360
k1038,p360
k1039,p360
k408,p362
k1040,p362
k412,p362
k413,p362
k415,p362
k1041,p364
k1042,p364
k1043,p364
k903,p364
k1044,p364
k1045,p365
k1046,p365
k1047,p365
k1048,p365
k1049,p365
k1050,p365
k1051,p366
k1052,p366
k1053,p366
k1054,p366
k393,p366
k1055,p366
k1056,p368
k1057,p368
k1058,p368
k1059,p368
k1060,p368
k1061,p368
k1062,p371
k1063,p371
k1064,p371
k1065,p371
k1066,p371
k1067,p376
k1068,p376
k1069,p376
k1070,p376
k1071,p376
k1072,p377
k1073,p377
k1074,p377
k1075,p377
k1076,p377
k1077,p379
k1078,p379
k734,p379
k1079,p379
k1080,p379
k1081,p382
k1082,p382
k1083,p382
k1084,p382
k1085,p384
k1086,p384
k1087,p384
k445,p385
k413,p385
k446,p385
k447,p385
k140,p386
k1088,p386
k141,p386
k143,p386
k161,p387
k1089,p387
k1090,p387
k570,p387
k1091,p387
k1092,p387
k1068,p389
k1093,p389
k1094,p389
k1095,p389
k1096,p389
k1097,p390
k1098,p390
k1099,p390
k1100,p391
k1101,p391
k1102,p391
k1103,p391
k1104,p391
k936,p391
k1105,p395
k1106,p395
k1107,p395
k936,p395
k1108,p395
k1109,p397
k1110,p397
k1111,p397
k1112,p397
k1113,p397
k1114,p397
k1115,p397
k1116,p402
k1117,p402
k1118,p402
k1119,p402
k1120,p402
k1121,p402
k1122,p403
k550,p403
k552,p403
k30,p406
k1123,p406
k1124,p406
k34,p406
k1125,p410
k1126,p410
k1127,p410
k1128,p410
k1129,p410
k301,p410
k1130,p411
k1131,p411
k1132,p411
k1133,p413
k1134,p413
k1135,p413
k1136,p413
k1051,p416
k1137,p416
k1138,p416
k1139,p416
k1140,p418
k1141,p418
k1142,p418
k1143,p418
k1144,p419
k1145,p419
k1146,p419
k1147,p419
k1148,p420
k1149,p420
k1150,p420
k1151,p420
k1152,p420
k1153,p423
k1154,p423
k1155,p423
k1156,p423
k1157,p424
k1158,p424
k1159,p424
k1160,p424
k1161,p427
k358,p427
k1162,p427
k1163,p428
k1164,p428
k1165,p428
k407,p428
k221,p430
k483,p430
k484,p430
k1166,p430
k1167,p430
k1168,p430
k1169,p431
k1170,p431
k1171,p431
k728,p431
k1172,p431
k1173,p431
k1174,p433
k1175,p433
k1176,p433
k1177,p433
k1178,p433
k1179,p433
k1180,p434
k1181,p434
k1182,p434
k1183,p434
k1184,p438
k1185,p438
k1186,p438
k1187,p438
k1188,p438
k1189,p441
k1190,p441
k1191,p441
k1192,p441
k1193,p441
k1194,p442
k1195,p442
k1196,p442
k1197,p442
k1198,p442
k1199,p442
k277,p443
k1200,p445
k1201,p445
k1202,p445
k1203,p445
k1204,p446
k1205,p446
k1206,p446
k1207,p446
k1208,p446
k538,p446
k1209,p447
k1210,p447
k1211,p447
k1212,p447
k1213,p447
k1214,p447
k1215,p447
k1216,p448
k1217,p448
k1218,p448
k1219,p448
k1220,p448
k1221,p449
k1175,p449
k75,p449
k1176,p449
k1222,p449
k740,p450
k1223,p450
k1224,p450
k1225,p450
k863,p450
k1226,p450
k722,p451
k1227,p451
k1228,p451
k1229,p451
k1230,p451
k1231,p458
k1232,p458
k1233,p458
k1008,p459
k35,p459
k1234,p459
k1235,p459
k1158,p459
k1236,p459
k1237,p459
k1238,p464
k700,p464
k1239,p464
k1240,p465
k393,p465
k1241,p465
k1242,p467
k1243,p467
k1244,p467
k1245,p467
k1246,p468
k1247,p468
k1248,p468
k1249,p468
k1250,p468
k1251,p468
k1252,p471
k1253,p471
k1254,p471
k1255,p471
k1256,p471
k1257,p473
k1258,p473
k1259,p473
k1260,p473
k1261,p474
k936,p474
k1262,p474
k1263,p475
k1264,p475
k1265,p475
k1266,p475
k1267,p475
k1268,p476
k1269,p476
k514,p476
k517,p476
k1270,p478
k1271,p478
k1272,p478
k1273,p478
k1274,p478
k277,p479
k1275,p479
k778,p479
k1276,p479
k1277,p480
k1278,p480
k1279,p480
k1280,p480
k1281,p480
k1282,p480
k206,p481
k989,p481
k1283,p481
k990,p481
k1138,p486
k1284,p486
k1285,p486
k1286,p493
k1287,p493
k1288,p493
k1289,p493
k1290,p496
k56,p496
k1291,p496
k1292,p496
k58,p496
k59,p496
k1293,p498
k1294,p498
k1295,p498
k1296,p498
k1297,p498
k1298,p499
k657,p499
k251,p499
k1299,p499
k1300,p499
k1301,p500
k323,p500
k872,p500
k1302,p500
k873,p500
k874,p500
k1303,p502
k1304,p502
k1235,p502
k1158,p502
k1305,p502
k1237,p502
k1306,p502
k1307,p504
k1308,p504
k1309,p504
k1310,p505
k1311,p505
k1312,p505
k1313,p505
k1314,p505
k1315,p508
k1316,p508
k1317,p508
k1318,p508
k1319,p508
k1320,p509
k1321,p509
k1322,p509
k1323,p509
k1324,p509
k1325,p510
k1326,p510
k1327,p510
k1328,p510
k1329,p510
k1330,p511
k1331,p511
k1332,p511
k1333,p512
k1334,p512
k1335,p512
k1336,p512
k1337,p512
k1338,p513
k1339,p513
k1340,p513
k1152,p513
k1341,p514
k1342,p514
k1343,p514
k308,p514
k1344,p514
k1345,p514
k56,p515
k1291,p515
k58,p515
k1346,p515
k1347,p516
k1348,p516
k1349,p516
k1350,p516
k1351,p516
k1352,p517
k1353,p517
k1354,p517
k1355,p517
k1356,p517
k1357,p517
k1358,p519
k1359,p519
k1360,p519
k1361,p520
k1362,p520
k1363,p520
k1364,p520
k1365,p520
k1366,p522
k1367,p522
k1034,p522
k1368,p526
k1369,p526
k1370,p526
k1371,p526
k1372,p526
k1373,p526
k1374,p527
k1375,p527
k1376,p527
k1377,p527
k1378,p527
k1379,p527
k1380,p529
k1381,p529
k1382,p529
k1383,p529
k1384,p532
k1385,p532
k1386,p532
k1387,p532
k1388,p532
k1389,p533
k1390,p533
k1391,p533
k1392,p533
k1393,p534
k1394,p534
k1395,p535
k741,p535
k1396,p535
k1397,p535
k1398,p535
k1399,p535
k1400,p537
k1401,p537
k1402,p537
k1403,p537
k1404,p537
k1405,p537
k1406,p538
k1407,p538
k1408,p538
k1409,p539
k1410,p539
k1411,p539
k1412,p539
k1413,p540
k1414,p540
k1415,p540
k1416,p541
k1417,p541
k1418,p541
k34,p541
k1419,p545
k1420,p545
k1421,p545
k1422,p546
k1423,p546
k1424,p546
k1425,p546
k1426,p546
k1427,p547
k657,p547
k251,p547
k1428,p547
k1299,p547
k1300,p547
k1429,p548
k1430,p548
k1431,p548
k1432,p548
k1433,p556
k1434,p556
k888,p556
k1435,p556
k1436,p559
k1437,p559
k1438,p559
k1439,p559
k1440,p559
k1441,p564
k1442,p564
k1443,p564
k1444,p564
k1445,p564
k1446,p565
k1443,p565
k1447,p565
k1448,p565
k1444,p565
k1449,p565
k1450,p566
k1451,p566
k1452,p566
k1453,p566
k1454,p566
k959,p567
k960,p567
k1455,p568
k1456,p568
k1457,p568
k1458,p568
k1459,p572
k1460,p572
k1461,p572
k1462,p572
k1463,p572
k1464,p572
k1465,p573
k1466,p573
k1467,p573
k821,p573
k1468,p579
k979,p579
k1469,p579
k1470,p579
k1471,p585
k1472,p585
k847,p585
k1473,p585
k1474,p585
k1475,p588
k1476,p588
k1477,p588
k219,p588
k1478,p588
k1479,p590
k1480,p590
k1481,p590
k1482,p590
k1483,p590
k706,p590
k1484,p590
k1485,p590
k1486,p591
k1487,p591
k1488,p591
k1489,p592
k1490,p592
k1491,p592
k1492,p592
k1493,p592
k1494,p592
k1495,p592
k1496,p592
k1497,p592
k1498,p592
k1499,p592
k1500,p592
k1501,p592
k1502,p600
k1503,p600
k1504,p600
k1505,p600
k1506,p600
k1507,p600
k1508,p600
k1509,p601
k1510,p601
k1511,p601
k1070,p601
k1512,p601
k1513,p602
k1514,p602
k1515,p602
k999,p602
k1516,p603
k1517,p603
k1518,p603
k1519,p605
k1520,p605
k1521,p605
k1522,p605
k1523,p617
k1524,p617
k1525,p617
k1522,p617
k1526,p621
k1527,p621
k1528,p621
k1529,p622
k1530,p622
k1531,p622
k1532,p622
k692,p622
k1533,p633
k1534,p633
k1535,p633
k1536,p633
k1537,p636
k1538,p636
k1516,p636
k1539,p636
k1540,p636
k1541,p637
k1542,p637
k657,p637
k1543,p637
k1544,p637
k1545,p637
k1546,p637
k1547,p637
k1548,p639
k1549,p639
k1550,p639
k1551,p641
k1552,p641
k1553,p641
k1554,p642
k1555,p642
k1556,p642
k1557,p642
k1558,p642
k1559,p642
k1560,p643
k1561,p643
k1381,p643
k1562,p643
k1068,p644
k1093,p644
k1094,p644
k1095,p644
k1563,p644
k1564,p645
k1565,p645
k1566,p645
k1567,p646
k1568,p646
k1569,p646
k1570,p646
k1571,p646
k1572,p649
k1573,p649
k1574,p649
k1575,p649
k1576,p649
k1577,p656
k1578,p656
k1579,p656
k1580,p656
k1581,p656
k1582,p656
k1583,p656
k1584,p656
k1585,p656
k1586,p660
k1587,p660
k1321,p660
k1588,p660
k1589,p660
k1590,p661
k1591,p661
k1592,p665
k1593,p665
k1594,p665
k1595,p665
k1596,p666
k1425,p666
k1597,p666
k1598,p666
k1599,p666
k1600,p666
k1601,p666
k1602,p666
k1603,p667
k1604,p667
k1605,p667
k1606,p667
k1607,p667
k1608,p669
k838,p669
k1609,p669
k1610,p671
k1611,p671
k1612,p671
k1613,p671
k1614,p671
k1615,p672
k1616,p672
k1617,p672
k1618,p672
k1619,p672
k1620,p673
k1621,p673
k1622,p673
k1623,p673
k1624,p674
k839,p674
k1625,p674
k1626,p674
k1627,p674
k1628,p674
k1629,p675
k1630,p675
k1631,p675
k1632,p676
k1633,p676
k1634,p676
k1635,p676
k1636,p676
k1637,p677
k878,p677
k1638,p677
k1639,p677
k58,p677
k881,p677
k1640,p678
k1641,p678
k1642,p678
k1643,p678
k1644,p678
k1645,p679
k1646,p679
k1647,p679
k1648,p679
k713,p679
k206,p683
k161,p683
k1649,p683
k1650,p683
k1651,p683
k1652,p683
k1653,p684
k1654,p684
k1655,p684
k1467,p686
k308,p686
k1656,p686
k1657,p686
k1658,p686
k254,p686
k1659,p686
k1660,p687
k1661,p687
k1662,p687
k1663,p687
k1664,p687
k1665,p687
k1666,p688
k1667,p688
k1668,p688
k1669,p688
k1670,p688
k1671,p688
k1672,p689
k1673,p689
k1674,p689
k1472,p689
k1675,p689
k1676,p689
k1677,p689
k1678,p689
k263,p690
k1679,p690
k1680,p690
k1549,p690
k1681,p690
k1682,p690
k1683,p691
k1684,p694
k769,p694
k1685,p694
k1686,p694
k266,p694
k1687,p694
k651,p695
k1688,p695
k1689,p695
k1690,p695
k1691,p697
k1692,p697
k1693,p697
k518,p698
k1694,p698
k519,p698
k520,p698
k522,p698
k1695,p698
k1133,p699
k1505,p699
k1506,p699
k1696,p699
k1082,p701
k1697,p701
k1698,p701
k1699,p701
k1700,p701
k1701,p702
k1702,p702
k1703,p702
k1704,p704
k1705,p704
k1706,p704
k1707,p704
k1708,p706
k222,p706
k1709,p706
k1710,p706
k1711,p706
k1712,p706
k1713,p708
k1714,p708
k1715,p708
k1716,p709
k1717,p709
k1718,p709
k1719,p710
k1720,p710
k1721,p710
k1722,p710
k1723,p710
k1724,p710
k1725,p710
k1726,p713
k308,p713
k1727,p713
k1728,p713
k800,p714
k801,p714
k802,p714
k803,p714
k804,p714
k805,p714
k1729,p715
k1730,p715
k1421,p715
k1731,p718
k1732,p718
k1733,p718
k1734,p722
k1735,p722
k1736,p722
k1737,p722
k263,p722
k1738,p722
k1739,p722
k1740,p722
k1741,p722
k1742,p722
k1743,p722
k1744,p722
k1745,p724
k700,p724
k1746,p724
k393,p724
k1747,p726
k1748,p726
k1749,p726
k1750,p726
k843,p726
k1751,p727
k1752,p727
k1753,p727
k1754,p727
k1755,p728
k1756,p728
k1757,p728
k1753,p728
k1758,p728
k1759,p729
k1760,p729
k1761,p732
k1762,p732
k1059,p732
k1763,p739
k1764,p739
k1765,p739
k1766,p739
k1767,p739
k1768,p739
k1769,p739
k1770,p741
k1771,p741
k1772,p741
k1430,p741
k1773,p742
k1774,p742
k1775,p742
k1776,p742
k1777,p742
k1778,p743
k1779,p743
k1780,p743
k1781,p743
k1782,p744
k1783,p744
k1784,p744
k1785,p744
k1786,p744
k1291,p745
k1787,p745
k58,p745
k1788,p745
k1789,p745
k1790,p745
k1791,p747
k1792,p747
k1793,p747
k1794,p747
k106,p747
k1795,p748
k1796,p748
k1797,p748
k1798,p748
k1799,p748
k1158,p749
k1800,p749
k37,p749
k1801,p749
k306,p749
k1802,p749
k1803,p750
k989,p750
k1804,p750
k1805,p750
k1806,p751
k1807,p751
k1808,p751
k1809,p752
k1810,p752
k1811,p752
k1812,p752
k1813,p752
k1814,p752
k905,p753
k1815,p753
k1816,p753
k1817,p753
k1818,p753
k1819,p755
k1820,p755
k1821,p755
k1822,p755
k1823,p755
k1824,p757
k1825,p757
k1826,p757
k1827,p757
k1828,p757
k1824,p758
k1825,p758
k1829,p758
k1827,p758
k1828,p758
k1830,p759
k1831,p759
k1832,p759
k1833,p760
k1834,p760
k1835,p760
k1836,p760
k1837,p760
k1838,p761
k961,p761
k1839,p761
k1840,p761
k1841,p761
k1842,p761
k1843,p763
k1844,p763
k1845,p763
k1846,p763
k1847,p764
k1848,p764
k1849,p764
k1850,p764
k1851,p764
k1393,p765
k1852,p765
k1853,p765
k1854,p765
k1855,p766
k1856,p766
k1857,p766
k1858,p767
k1859,p767
k1860,p767
k1861,p767
k1862,p767
k1863,p768
k1864,p768
k1865,p768
k1866,p768
k1867,p768
k1868,p770
k1869,p770
k1870,p770
k1871,p770
k1872,p770
k1873,p771
k1243,p771
k1874,p771
k1875,p771
k1726,p772
k1876,p772
k1877,p772
k1878,p772
k1879,p772
k1880,p772
k1881,p773
k1882,p773
k1883,p773
k1884,p773
k1885,p773
k1886,p774
k1214,p774
k1887,p774
k1888,p775
k1889,p775
k1890,p775
k1891,p775
k1892,p775
k1893,p777
k1894,p777
k1895,p777
k1896,p777
k1897,p778
k1467,p778
k308,p778
k1898,p778
k1299,p778
k1547,p778
k1433,p779
k888,p779
k1899,p779
k1900,p779
k1901,p780
k1902,p780
k271,p780
k1903,p780
k1904,p780
k1905,p780
k1906,p781
k1907,p781
k1908,p781
k1909,p783
k802,p783
k1910,p783
k1911,p783
k957,p783
k1912,p784
k1913,p784
k1914,p784
k1915,p784
k1916,p784
k1917,p784
k1918,p792
k1919,p792
k1920,p792
k1921,p792
k1922,p795
k1923,p795
k1103,p795
k1453,p795
k1924,p796
k1925,p796
k1926,p796
k1927,p797
k1928,p797
k939,p797
k1929,p797
k1930,p797
k1931,p797
k1932,p797
k1933,p797
k364,p798
k1934,p798
k1935,p798
k1936,p798
k1567,p798
k1937,p799
k1938,p799
k1939,p799
k1940,p799
k1941,p799
k1942,p800
k1943,p800
k1944,p800
k1945,p800
k1807,p801
k1946,p801
k1947,p802
k1948,p802
k77,p803
k15,p803
k80,p803
k77,p804
k1949,p804
k1528,p804
k1950,p805
k1951,p805
k1952,p805
k1953,p805
k1954,p805
k281,p809
k1955,p809
k1956,p809
k80,p809
k1947,p812
k1957,p812
k576,p821
k578,p821
k300,p821
k301,p821
k302,p821
k1958,p822
k671,p822
k1030,p822
k408,p823
k1476,p823
k413,p823
k1959,p824
k1960,p824
k1961,p824
k263,p824
k1962,p824
k1963,p824
k143,p824
k1964,p824
k1965,p824
k1966,p824
k1967,p825
k1968,p825
k874,p825
k1969,p826
k1970,p826
k1971,p826
k1972,p826
k1973,p826
k1974,p826
k1975,p826
k1976,p831
k1977,p831
k1978,p831
k1979,p831
k1977,p832
k1980,p832
k1981,p832
k1982,p844
k1983,p844
k728,p844
k1984,p844
k1985,p844
k1986,p846
k1987,p846
k1988,p846
k1989,p846
k1949,p849
k1528,p849
k1990,p850
k77,p850
k1991,p850
k1992,p850
k1993,p850
k1994,p857
k1995,p857
k1996,p857
k1997,p857
k1998,p857
k1999,p857
k2000,p858
k40,p858
k1301,p858
k2001,p858
k989,p858
k2002,p858
k2003,p860
k1158,p860
k2004,p860
k589,p860
k1035,p860
k1175,p867
k2005,p867
k2006,p867
k2007,p868
k2008,p868
k2009,p868
k2010,p868
k2011,p871
k2012,p871
k2013,p871
k2014,p872
k2015,p873
k2016,p873
k657,p873
k2017,p873
k1543,p873
k1126,p873
k2018,p873
k1551,p878
k1552,p878
k1553,p878
k2019,p880
k2020,p880
k2021,p880
k2022,p880
k2023,p883
k395,p883
k2024,p883
k1198,p883
k2025,p883
k2026,p883
k2027,p884
k2028,p884
k1126,p884
k2029,p887
k2030,p887
k2031,p887
k308,p887
k2032,p887
k2033,p887
k2034,p887
k2035,p888
k2036,p888
k2037,p888
k2038,p889
k2039,p889
k2040,p889
k2041,p889
k2042,p889
k2043,p889
